{"stats":{"minecraft:dropped":{"minecraft:diamond_chestplate":1},"minecraft:killed":{"minecraft:sheep":1},"minecraft:crafted":{"minecraft:jungle_planks":24},"minecraft:custom":{"minecraft:open_chest":8,"minecraft:time_since_rest":6121,"minecraft:crouch_one_cm":142,"minecraft:play_time":17236,"minecraft:sprint_one_cm":55638,"minecraft:deaths":1,"minecraft:damage_taken":365,"minecraft:walk_one_cm":106984,"minecraft:sneak_time":31,"minecraft:walk_under_water_one_cm":3002,"minecraft:mob_kills":1,"minecraft:drop":1,"minecraft:jump":457,"minecraft:damage_dealt":139,"minecraft:time_since_death":6074,"minecraft:walk_on_water_one_cm":4356,"minecraft:talked_to_villager":6,"minecraft:total_world_time":17236,"minecraft:climb_one_cm":1343,"minecraft:interact_with_crafting_table":1,"minecraft:swim_one_cm":8185,"minecraft:fall_one_cm":8611,"minecraft:fly_one_cm":92969},"minecraft:mined":{"minecraft:grass":2,"minecraft:jungle_log":6,"minecraft:tripwire":3,"minecraft:sugar_cane":5,"minecraft:oak_leaves":2},"minecraft:killed_by":{"minecraft:skeleton":1},"minecraft:picked_up":{"minecraft:diamond_chestplate":1,"minecraft:jungle_log":6,"minecraft:oak_fence":1,"minecraft:jungle_planks":24,"minecraft:string":2645,"minecraft:sugar_cane":12,"minecraft:mutton":2,"minecraft:white_wool":2},"minecraft:used":{"minecraft:oak_fence":1,"minecraft:mutton":2,"minecraft:string":3,"minecraft:sugar_cane":12}},"DataVersion":3465}