{"stats":{"minecraft:killed":{"minecraft:spider":1,"minecraft:sheep":1,"minecraft:skeleton":2,"minecraft:zombie":1},"minecraft:dropped":{"minecraft:water_bucket":2,"minecraft:bread":2,"minecraft:wheat_seeds":1,"minecraft:diamond":8,"minecraft:diamond_hoe":1,"minecraft:rotten_flesh":2,"minecraft:diamond_shovel":1,"minecraft:filled_map":1,"minecraft:dirt":1,"minecraft:shield":1,"minecraft:diamond_chestplate":1,"minecraft:iron_chestplate":1,"minecraft:mutton":2,"minecraft:diamond_helmet":1,"minecraft:sand":3,"minecraft:diamond_boots":1,"minecraft:iron_axe":1,"minecraft:gold_nugget":6,"minecraft:string":104,"minecraft:white_wool":1,"minecraft:bone":2},"minecraft:crafted":{"minecraft:emerald":100,"minecraft:iron_sword":1,"minecraft:air":0,"minecraft:jungle_planks":24,"minecraft:diamond_helmet":1,"minecraft:diamond_leggings":1,"minecraft:diamond_boots":2,"minecraft:diamond_chestplate":1},"minecraft:custom":{"minecraft:mob_kills":5,"minecraft:traded_with_villager":106,"minecraft:interact_with_crafting_table":2,"minecraft:bell_ring":4,"minecraft:leave_game":2,"minecraft:damage_resisted":11,"minecraft:time_since_death":6943,"minecraft:sleep_in_bed":1,"minecraft:climb_one_cm":1343,"minecraft:time_since_rest":6994,"minecraft:sprint_one_cm":253219,"minecraft:damage_absorbed":38,"minecraft:damage_taken":22118,"minecraft:walk_one_cm":431786,"minecraft:drop":39,"minecraft:minecart_one_cm":6553,"minecraft:damage_dealt":1836,"minecraft:swim_one_cm":17185,"minecraft:talked_to_villager":20,"minecraft:fly_one_cm":329003,"minecraft:player_kills":3,"minecraft:open_chest":18,"minecraft:crouch_one_cm":2296,"minecraft:play_time":86340,"minecraft:deaths":8,"minecraft:sneak_time":878,"minecraft:walk_under_water_one_cm":9883,"minecraft:jump":1952,"minecraft:walk_on_water_one_cm":11552,"minecraft:total_world_time":86340,"minecraft:fall_one_cm":272518},"minecraft:mined":{"minecraft:torch":1,"minecraft:grass_block":6,"minecraft:jungle_log":6,"minecraft:jungle_planks":7,"minecraft:oak_planks":1,"minecraft:sugar_cane":5,"minecraft:carrots":13,"minecraft:grass":2,"minecraft:rail":38,"minecraft:oak_stairs":1,"minecraft:sand":3,"minecraft:dirt":5,"minecraft:oak_leaves":2,"minecraft:tripwire":3},"minecraft:killed_by":{"minecraft:skeleton":1},"minecraft:picked_up":{"minecraft:iron_chestplate":1,"minecraft:wheat":52,"minecraft:water_bucket":6,"minecraft:jungle_log":6,"minecraft:lead":1,"minecraft:jungle_fence":37,"minecraft:pink_wool":1,"minecraft:filled_map":5,"minecraft:diamond_horse_armor":1,"minecraft:shield":3,"minecraft:string":3055,"minecraft:dirt":14,"minecraft:iron_axe":2,"minecraft:flint_and_steel":1,"minecraft:blackstone":1,"minecraft:bone":6,"minecraft:bow":1,"minecraft:wheat_seeds":38,"minecraft:diamond_leggings":9,"minecraft:gold_nugget":12,"minecraft:bucket":3,"minecraft:iron_ingot":2,"minecraft:enchanted_golden_apple":2,"minecraft:diamond_helmet":9,"minecraft:minecart":7,"minecraft:sugar_cane":12,"minecraft:iron_sword":10,"minecraft:oak_planks":1,"minecraft:diamond_hoe":2,"minecraft:egg":2,"minecraft:oak_fence":1,"minecraft:dandelion":2,"minecraft:jungle_planks":70,"minecraft:sand":6,"minecraft:carrot":84,"minecraft:stone_shovel":1,"minecraft:diamond":14,"minecraft:diamond_shovel":7,"minecraft:arrow":2,"minecraft:rotten_flesh":12,"minecraft:diamond_chestplate":7,"minecraft:diamond_boots":10,"minecraft:diamond_axe":4,"minecraft:cobblestone":1,"minecraft:coal":16,"minecraft:bread":31,"minecraft:blaze_powder":8,"minecraft:netherrack":203,"minecraft:ender_pearl":1,"minecraft:mutton":6,"minecraft:rail":71,"minecraft:white_wool":2,"minecraft:diamond_pickaxe":7,"minecraft:oxeye_daisy":1},"minecraft:used":{"minecraft:oak_fence":1,"minecraft:water_bucket":10,"minecraft:diamond_boots":5,"minecraft:oak_planks":1,"minecraft:blackstone":1,"minecraft:ender_pearl":1,"minecraft:iron_sword":39,"minecraft:diamond_axe":2,"minecraft:sugar_cane":12,"minecraft:mutton":2,"minecraft:dirt":9,"minecraft:sand":3,"minecraft:rail":57,"minecraft:jungle_planks":18,"minecraft:carrot":38,"minecraft:diamond_helmet":7,"minecraft:oxeye_daisy":1,"minecraft:string":3,"minecraft:diamond_chestplate":4,"minecraft:bow":2,"minecraft:bucket":12,"minecraft:minecart":7,"minecraft:egg":2,"minecraft:enchanted_golden_apple":1,"minecraft:diamond_leggings":6,"minecraft:dandelion":2}},"DataVersion":3465}