{"stats":{"minecraft:dropped":{"minecraft:diamond_chestplate":1,"minecraft:rotten_flesh":1,"minecraft:string":40,"minecraft:white_wool":1},"minecraft:killed":{"minecraft:sheep":1,"minecraft:skeleton":2,"minecraft:zombie":1},"minecraft:crafted":{"minecraft:diamond_helmet":1,"minecraft:emerald":100,"minecraft:diamond_leggings":1,"minecraft:iron_sword":1,"minecraft:diamond_boots":1,"minecraft:diamond_chestplate":1,"minecraft:air":0,"minecraft:jungle_planks":24},"minecraft:custom":{"minecraft:time_since_rest":22053,"minecraft:sprint_one_cm":166884,"minecraft:damage_taken":757,"minecraft:walk_one_cm":329823,"minecraft:mob_kills":4,"minecraft:drop":6,"minecraft:damage_dealt":974,"minecraft:minecart_one_cm":6553,"minecraft:traded_with_villager":105,"minecraft:interact_with_crafting_table":2,"minecraft:swim_one_cm":8185,"minecraft:talked_to_villager":19,"minecraft:fly_one_cm":209642,"minecraft:bell_ring":4,"minecraft:open_chest":12,"minecraft:play_time":59077,"minecraft:crouch_one_cm":2155,"minecraft:sneak_time":794,"minecraft:deaths":1,"minecraft:walk_under_water_one_cm":3632,"minecraft:jump":1287,"minecraft:leave_game":1,"minecraft:time_since_death":47915,"minecraft:fall_one_cm":30687,"minecraft:walk_on_water_one_cm":4728,"minecraft:total_world_time":59077,"minecraft:sleep_in_bed":1,"minecraft:climb_one_cm":1343},"minecraft:mined":{"minecraft:carrots":13,"minecraft:torch":1,"minecraft:grass":2,"minecraft:grass_block":5,"minecraft:jungle_planks":7,"minecraft:jungle_log":6,"minecraft:rail":38,"minecraft:oak_stairs":1,"minecraft:sand":3,"minecraft:dirt":3,"minecraft:sugar_cane":5,"minecraft:oak_planks":1,"minecraft:oak_leaves":2,"minecraft:tripwire":3},"minecraft:killed_by":{"minecraft:skeleton":1},"minecraft:picked_up":{"minecraft:jungle_log":6,"minecraft:oak_fence":1,"minecraft:dandelion":2,"minecraft:sand":3,"minecraft:jungle_planks":34,"minecraft:carrot":48,"minecraft:dirt":6,"minecraft:string":2845,"minecraft:bone":2,"minecraft:arrow":2,"minecraft:diamond_chestplate":1,"minecraft:rotten_flesh":1,"minecraft:bow":1,"minecraft:bread":2,"minecraft:minecart":7,"minecraft:white_wool":2,"minecraft:sugar_cane":12,"minecraft:mutton":2,"minecraft:oak_planks":1,"minecraft:rail":64,"minecraft:oxeye_daisy":1},"minecraft:used":{"minecraft:oak_fence":1,"minecraft:oxeye_daisy":1,"minecraft:oak_planks":1,"minecraft:string":3,"minecraft:iron_sword":17,"minecraft:sugar_cane":12,"minecraft:rail":57,"minecraft:sand":3,"minecraft:dirt":6,"minecraft:mutton":2,"minecraft:bow":2,"minecraft:jungle_planks":18,"minecraft:carrot":36,"minecraft:minecart":7,"minecraft:dandelion":2}},"DataVersion":3465}