{"stats":{"minecraft:killed":{"minecraft:sheep":1},"minecraft:custom":{"minecraft:open_chest":2,"minecraft:time_since_rest":5236,"minecraft:crouch_one_cm":142,"minecraft:play_time":5236,"minecraft:sprint_one_cm":21604,"minecraft:damage_taken":120,"minecraft:walk_one_cm":15571,"minecraft:sneak_time":15,"minecraft:walk_under_water_one_cm":1067,"minecraft:mob_kills":1,"minecraft:jump":180,"minecraft:damage_dealt":80,"minecraft:time_since_death":5236,"minecraft:walk_on_water_one_cm":2059,"minecraft:total_world_time":5236,"minecraft:climb_one_cm":1188,"minecraft:swim_one_cm":8185,"minecraft:fall_one_cm":3793,"minecraft:fly_one_cm":43473},"minecraft:mined":{"minecraft:jungle_log":6,"minecraft:sugar_cane":5,"minecraft:oak_leaves":2},"minecraft:picked_up":{"minecraft:jungle_log":6,"minecraft:sugar_cane":12,"minecraft:mutton":2,"minecraft:white_wool":1}},"DataVersion":3465}