{"stats":{"minecraft:killed":{"minecraft:sheep":1,"minecraft:skeleton":2,"minecraft:zombie":1},"minecraft:dropped":{"minecraft:bread":2,"minecraft:diamond_hoe":1,"minecraft:rotten_flesh":1,"minecraft:shield":1,"minecraft:diamond_chestplate":1,"minecraft:iron_chestplate":1,"minecraft:mutton":2,"minecraft:string":104,"minecraft:white_wool":1,"minecraft:bone":2},"minecraft:crafted":{"minecraft:emerald":100,"minecraft:iron_sword":1,"minecraft:air":0,"minecraft:jungle_planks":24,"minecraft:diamond_helmet":1,"minecraft:diamond_leggings":1,"minecraft:diamond_boots":2,"minecraft:diamond_chestplate":1},"minecraft:custom":{"minecraft:mob_kills":4,"minecraft:traded_with_villager":106,"minecraft:interact_with_crafting_table":2,"minecraft:bell_ring":4,"minecraft:leave_game":1,"minecraft:time_since_death":3193,"minecraft:sleep_in_bed":1,"minecraft:climb_one_cm":1343,"minecraft:time_since_rest":3231,"minecraft:sprint_one_cm":205866,"minecraft:damage_taken":1381,"minecraft:walk_one_cm":365990,"minecraft:drop":13,"minecraft:minecart_one_cm":6553,"minecraft:damage_dealt":1241,"minecraft:swim_one_cm":17185,"minecraft:talked_to_villager":20,"minecraft:fly_one_cm":264612,"minecraft:player_kills":1,"minecraft:open_chest":14,"minecraft:crouch_one_cm":2233,"minecraft:play_time":71077,"minecraft:deaths":4,"minecraft:sneak_time":860,"minecraft:walk_under_water_one_cm":9245,"minecraft:jump":1583,"minecraft:walk_on_water_one_cm":8964,"minecraft:total_world_time":71077,"minecraft:fall_one_cm":43538},"minecraft:mined":{"minecraft:torch":1,"minecraft:grass_block":6,"minecraft:jungle_log":6,"minecraft:jungle_planks":7,"minecraft:oak_planks":1,"minecraft:sugar_cane":5,"minecraft:carrots":13,"minecraft:grass":2,"minecraft:rail":38,"minecraft:oak_stairs":1,"minecraft:sand":3,"minecraft:dirt":5,"minecraft:oak_leaves":2,"minecraft:tripwire":3},"minecraft:killed_by":{"minecraft:skeleton":1},"minecraft:picked_up":{"minecraft:iron_chestplate":1,"minecraft:wheat":10,"minecraft:jungle_log":6,"minecraft:lead":1,"minecraft:jungle_fence":37,"minecraft:pink_wool":1,"minecraft:diamond_horse_armor":1,"minecraft:shield":2,"minecraft:string":3037,"minecraft:dirt":10,"minecraft:bone":6,"minecraft:bow":1,"minecraft:diamond_leggings":3,"minecraft:bucket":1,"minecraft:iron_ingot":2,"minecraft:enchanted_golden_apple":1,"minecraft:diamond_helmet":4,"minecraft:minecart":7,"minecraft:sugar_cane":12,"minecraft:iron_sword":6,"minecraft:oak_planks":1,"minecraft:diamond_hoe":2,"minecraft:oak_fence":1,"minecraft:dandelion":2,"minecraft:jungle_planks":70,"minecraft:sand":3,"minecraft:carrot":84,"minecraft:stone_shovel":1,"minecraft:diamond":2,"minecraft:diamond_shovel":4,"minecraft:arrow":2,"minecraft:rotten_flesh":11,"minecraft:diamond_chestplate":4,"minecraft:diamond_boots":4,"minecraft:diamond_axe":1,"minecraft:cobblestone":1,"minecraft:coal":16,"minecraft:bread":31,"minecraft:blaze_powder":8,"minecraft:netherrack":45,"minecraft:ender_pearl":1,"minecraft:mutton":6,"minecraft:rail":71,"minecraft:white_wool":2,"minecraft:diamond_pickaxe":3,"minecraft:oxeye_daisy":1},"minecraft:used":{"minecraft:oak_fence":1,"minecraft:diamond_boots":1,"minecraft:oak_planks":1,"minecraft:ender_pearl":1,"minecraft:iron_sword":33,"minecraft:sugar_cane":12,"minecraft:mutton":2,"minecraft:dirt":9,"minecraft:sand":3,"minecraft:rail":57,"minecraft:jungle_planks":18,"minecraft:carrot":38,"minecraft:diamond_helmet":3,"minecraft:oxeye_daisy":1,"minecraft:string":3,"minecraft:diamond_chestplate":2,"minecraft:bow":2,"minecraft:minecart":7,"minecraft:diamond_leggings":2,"minecraft:dandelion":2}},"DataVersion":3465}