{"stats":{"minecraft:dropped":{"minecraft:diamond_chestplate":1,"minecraft:string":40,"minecraft:white_wool":1},"minecraft:killed":{"minecraft:sheep":1},"minecraft:crafted":{"minecraft:diamond_helmet":1,"minecraft:diamond_leggings":1,"minecraft:emerald":100,"minecraft:iron_sword":1,"minecraft:diamond_boots":1,"minecraft:air":0,"minecraft:diamond_chestplate":1,"minecraft:jungle_planks":24},"minecraft:custom":{"minecraft:time_since_rest":18121,"minecraft:sprint_one_cm":87253,"minecraft:damage_taken":389,"minecraft:walk_one_cm":179937,"minecraft:mob_kills":1,"minecraft:drop":5,"minecraft:damage_dealt":170,"minecraft:traded_with_villager":105,"minecraft:swim_one_cm":8185,"minecraft:interact_with_crafting_table":2,"minecraft:talked_to_villager":19,"minecraft:fly_one_cm":106717,"minecraft:open_chest":12,"minecraft:crouch_one_cm":281,"minecraft:play_time":29236,"minecraft:bell_ring":4,"minecraft:deaths":1,"minecraft:sneak_time":134,"minecraft:walk_under_water_one_cm":3002,"minecraft:jump":584,"minecraft:walk_on_water_one_cm":4682,"minecraft:time_since_death":18074,"minecraft:climb_one_cm":1343,"minecraft:total_world_time":29236,"minecraft:fall_one_cm":9642},"minecraft:mined":{"minecraft:carrots":13,"minecraft:grass":2,"minecraft:jungle_planks":1,"minecraft:rail":16,"minecraft:jungle_log":6,"minecraft:sugar_cane":5,"minecraft:oak_leaves":2,"minecraft:tripwire":3},"minecraft:killed_by":{"minecraft:skeleton":1},"minecraft:picked_up":{"minecraft:jungle_log":6,"minecraft:oak_fence":1,"minecraft:jungle_planks":25,"minecraft:carrot":48,"minecraft:string":2653,"minecraft:diamond_chestplate":1,"minecraft:minecart":4,"minecraft:rail":34,"minecraft:white_wool":2,"minecraft:sugar_cane":12,"minecraft:mutton":2},"minecraft:used":{"minecraft:oak_fence":1,"minecraft:string":3,"minecraft:iron_sword":1,"minecraft:sugar_cane":12,"minecraft:rail":34,"minecraft:mutton":2,"minecraft:jungle_planks":8,"minecraft:carrot":19,"minecraft:minecart":3}},"DataVersion":3465}