{"stats":{"minecraft:dropped":{"minecraft:diamond_chestplate":1,"minecraft:rotten_flesh":1,"minecraft:string":40,"minecraft:white_wool":1},"minecraft:killed":{"minecraft:sheep":1,"minecraft:zombie":1},"minecraft:crafted":{"minecraft:diamond_helmet":1,"minecraft:diamond_leggings":1,"minecraft:emerald":100,"minecraft:iron_sword":1,"minecraft:diamond_boots":1,"minecraft:air":0,"minecraft:diamond_chestplate":1,"minecraft:jungle_planks":24},"minecraft:custom":{"minecraft:time_since_rest":10212,"minecraft:sprint_one_cm":129151,"minecraft:damage_taken":584,"minecraft:walk_one_cm":277874,"minecraft:mob_kills":2,"minecraft:drop":6,"minecraft:damage_dealt":382,"minecraft:traded_with_villager":105,"minecraft:swim_one_cm":8185,"minecraft:interact_with_crafting_table":2,"minecraft:talked_to_villager":19,"minecraft:fly_one_cm":172028,"minecraft:open_chest":12,"minecraft:crouch_one_cm":306,"minecraft:play_time":47236,"minecraft:bell_ring":4,"minecraft:deaths":1,"minecraft:sneak_time":136,"minecraft:walk_under_water_one_cm":3002,"minecraft:jump":991,"minecraft:walk_on_water_one_cm":4682,"minecraft:time_since_death":36074,"minecraft:sleep_in_bed":1,"minecraft:climb_one_cm":1343,"minecraft:total_world_time":47236,"minecraft:fall_one_cm":21245},"minecraft:mined":{"minecraft:carrots":13,"minecraft:grass":2,"minecraft:grass_block":5,"minecraft:jungle_planks":6,"minecraft:rail":32,"minecraft:jungle_log":6,"minecraft:dirt":2,"minecraft:sugar_cane":5,"minecraft:oak_leaves":2,"minecraft:tripwire":3},"minecraft:killed_by":{"minecraft:skeleton":1},"minecraft:picked_up":{"minecraft:jungle_log":6,"minecraft:oak_fence":1,"minecraft:dandelion":2,"minecraft:jungle_planks":29,"minecraft:carrot":48,"minecraft:dirt":6,"minecraft:string":2845,"minecraft:rotten_flesh":1,"minecraft:diamond_chestplate":1,"minecraft:minecart":5,"minecraft:rail":52,"minecraft:white_wool":2,"minecraft:sugar_cane":12,"minecraft:mutton":2,"minecraft:oxeye_daisy":1},"minecraft:used":{"minecraft:oak_fence":1,"minecraft:oxeye_daisy":1,"minecraft:string":3,"minecraft:iron_sword":1,"minecraft:sugar_cane":12,"minecraft:dirt":6,"minecraft:rail":51,"minecraft:mutton":2,"minecraft:jungle_planks":15,"minecraft:carrot":28,"minecraft:minecart":5,"minecraft:dandelion":2}},"DataVersion":3465}