{"stats":{"minecraft:picked_up":{"minecraft:jungle_log":1,"minecraft:oak_log":5,"minecraft:dirt":4},"minecraft:mined":{"minecraft:grass":2,"minecraft:grass_block":1,"minecraft:oak_log":5,"minecraft:jungle_log":1,"minecraft:dirt":3,"minecraft:oak_leaves":5},"minecraft:custom":{"minecraft:time_since_rest":6000,"minecraft:sprint_one_cm":5509,"minecraft:play_time":6000,"minecraft:walk_one_cm":6355,"minecraft:sneak_time":15,"minecraft:jump":36,"minecraft:leave_game":1,"minecraft:time_since_death":6000,"minecraft:total_world_time":6000,"minecraft:interact_with_crafting_table":2,"minecraft:fall_one_cm":836,"minecraft:fly_one_cm":7254},"minecraft:used":{"minecraft:dirt":4,"minecraft:crafting_table":1},"minecraft:crafted":{"minecraft:oak_planks":20,"minecraft:wooden_shovel":1,"minecraft:crafting_table":1,"minecraft:stick":8,"minecraft:wooden_pickaxe":1,"minecraft:jungle_planks":4,"minecraft:wooden_axe":1}},"DataVersion":3465}