{"stats":{"minecraft:dropped":{"minecraft:stone_shovel":1,"minecraft:potato":4},"minecraft:picked_up":{"minecraft:wheat":3,"minecraft:feather":4,"minecraft:chicken":4,"minecraft:jungle_log":9,"minecraft:potato":8,"minecraft:oak_log":5,"minecraft:cornflower":2,"minecraft:dirt":500,"minecraft:wheat_seeds":20,"minecraft:bell":1,"minecraft:stone_pickaxe":1,"minecraft:wooden_shovel":1,"minecraft:stick":4,"minecraft:cooked_porkchop":3,"minecraft:torch":16,"minecraft:dandelion":6,"minecraft:porkchop":4,"minecraft:jungle_planks":26,"minecraft:rotten_flesh":2,"minecraft:stone_shovel":2,"minecraft:oak_sapling":1,"minecraft:black_wool":2,"minecraft:mutton":10,"minecraft:white_wool":4,"minecraft:cobblestone":109,"minecraft:oxeye_daisy":2},"minecraft:mined":{"minecraft:dandelion":3,"minecraft:cornflower":1,"minecraft:grass_block":113,"minecraft:jungle_log":9,"minecraft:tall_grass":11,"minecraft:oxeye_daisy":1,"minecraft:wheat":3,"minecraft:bell":1,"minecraft:grass":62,"minecraft:potatoes":3,"minecraft:oak_log":5,"minecraft:vine":2,"minecraft:dirt":189,"minecraft:stone":58,"minecraft:oak_leaves":5},"minecraft:killed_by":{"minecraft:zombie":1},"minecraft:killed":{"minecraft:pig":2,"minecraft:sheep":3,"minecraft:chicken":2},"minecraft:custom":{"minecraft:interact_with_furnace":5,"minecraft:mob_kills":7,"minecraft:interact_with_crafting_table":5,"minecraft:bell_ring":211,"minecraft:leave_game":1,"minecraft:time_since_death":8439,"minecraft:climb_one_cm":577,"minecraft:time_since_rest":8474,"minecraft:sprint_one_cm":61179,"minecraft:damage_taken":325,"minecraft:walk_one_cm":98914,"minecraft:drop":5,"minecraft:damage_dealt":777,"minecraft:talked_to_villager":1,"minecraft:fly_one_cm":121036,"minecraft:open_chest":1,"minecraft:crouch_one_cm":1864,"minecraft:play_time":30000,"minecraft:deaths":1,"minecraft:sneak_time":569,"minecraft:walk_under_water_one_cm":870,"minecraft:jump":469,"minecraft:walk_on_water_one_cm":1038,"minecraft:total_world_time":30000,"minecraft:fall_one_cm":12512},"minecraft:used":{"minecraft:wheat_seeds":3,"minecraft:cooked_mutton":2,"minecraft:stone_shovel":261,"minecraft:stone_pickaxe":1,"minecraft:wooden_pickaxe":59,"minecraft:wooden_shovel":26,"minecraft:bell":1,"minecraft:torch":6,"minecraft:dirt":49,"minecraft:wheat":2,"minecraft:crafting_table":2,"minecraft:wooden_axe":36,"minecraft:cooked_porkchop":1,"minecraft:potato":4},"minecraft:broken":{"minecraft:wooden_axe":1,"minecraft:stone_shovel":1,"minecraft:wooden_pickaxe":1},"minecraft:crafted":{"minecraft:oak_planks":20,"minecraft:wooden_shovel":1,"minecraft:stone_shovel":4,"minecraft:cooked_porkchop":4,"minecraft:crafting_table":2,"minecraft:wooden_pickaxe":1,"minecraft:cooked_mutton":5,"minecraft:air":0,"minecraft:jungle_planks":36,"minecraft:stick":16,"minecraft:stone_pickaxe":1,"minecraft:wooden_axe":1,"minecraft:stone_hoe":1}},"DataVersion":3465}