{"stats":{"minecraft:picked_up":{"minecraft:stick":4,"minecraft:feather":2,"minecraft:chicken":2,"minecraft:jungle_log":9,"minecraft:dandelion":3,"minecraft:porkchop":4,"minecraft:oak_log":5,"minecraft:cornflower":1,"minecraft:dirt":159,"minecraft:wheat_seeds":11,"minecraft:black_wool":1,"minecraft:mutton":5,"minecraft:white_wool":2,"minecraft:cobblestone":58,"minecraft:oxeye_daisy":1},"minecraft:mined":{"minecraft:dandelion":3,"minecraft:cornflower":1,"minecraft:grass":61,"minecraft:grass_block":111,"minecraft:oak_log":5,"minecraft:vine":2,"minecraft:jungle_log":9,"minecraft:dirt":49,"minecraft:tall_grass":6,"minecraft:stone":58,"minecraft:oxeye_daisy":1,"minecraft:oak_leaves":5},"minecraft:killed":{"minecraft:sheep":3,"minecraft:pig":2,"minecraft:chicken":2},"minecraft:custom":{"minecraft:time_since_rest":18000,"minecraft:sprint_one_cm":33419,"minecraft:interact_with_furnace":3,"minecraft:walk_one_cm":53791,"minecraft:mob_kills":7,"minecraft:damage_dealt":520,"minecraft:interact_with_crafting_table":4,"minecraft:fly_one_cm":52542,"minecraft:open_chest":1,"minecraft:play_time":18000,"minecraft:sneak_time":26,"minecraft:walk_under_water_one_cm":870,"minecraft:jump":235,"minecraft:leave_game":1,"minecraft:time_since_death":18000,"minecraft:walk_on_water_one_cm":391,"minecraft:total_world_time":18000,"minecraft:climb_one_cm":577,"minecraft:fall_one_cm":5701},"minecraft:used":{"minecraft:wooden_axe":26,"minecraft:stone_shovel":132,"minecraft:wooden_pickaxe":59,"minecraft:wooden_shovel":26,"minecraft:dirt":5,"minecraft:crafting_table":2,"minecraft:cooked_porkchop":1},"minecraft:broken":{"minecraft:stone_shovel":1,"minecraft:wooden_pickaxe":1},"minecraft:crafted":{"minecraft:oak_planks":20,"minecraft:wooden_shovel":1,"minecraft:stone_shovel":1,"minecraft:cooked_porkchop":4,"minecraft:crafting_table":2,"minecraft:stick":8,"minecraft:wooden_pickaxe":1,"minecraft:stone_pickaxe":1,"minecraft:wooden_axe":1,"minecraft:air":0,"minecraft:jungle_planks":36}},"DataVersion":3465}