{"stats":{"minecraft:crafted":{"minecraft:oak_planks":60,"minecraft:stone_shovel":4,"minecraft:fishing_rod":1,"minecraft:furnace":1,"minecraft:bone_meal":48,"minecraft:cooked_mutton":5,"minecraft:melon_seeds":4,"minecraft:stone_pickaxe":2,"minecraft:chest":1,"minecraft:stone_hoe":1,"minecraft:wooden_shovel":1,"minecraft:cooked_porkchop":4,"minecraft:crafting_table":4,"minecraft:baked_potato":54,"minecraft:wooden_pickaxe":1,"minecraft:chainmail_chestplate":10,"minecraft:bucket":1,"minecraft:stone_axe":2,"minecraft:bread":23,"minecraft:air":0,"minecraft:jungle_planks":84,"minecraft:iron_chestplate":1,"minecraft:shield":1,"minecraft:stick":16,"minecraft:iron_ingot":30,"minecraft:wooden_axe":1,"minecraft:iron_leggings":1,"minecraft:white_bed":9,"minecraft:shears":1,"minecraft:diamond_chestplate":1},"minecraft:killed":{"minecraft:cave_spider":1,"minecraft:spider":3,"minecraft:skeleton":2,"minecraft:chicken":2,"minecraft:pig":9,"minecraft:creeper":2,"minecraft:sheep":4,"minecraft:zombie":20,"minecraft:villager":1,"minecraft:cow":5},"minecraft:killed_by":{"minecraft:zombie":1},"minecraft:mined":{"minecraft:white_bed":3,"minecraft:jungle_leaves":3,"minecraft:granite":6,"minecraft:grass_block":127,"minecraft:jungle_log":21,"minecraft:oxeye_daisy":2,"minecraft:carrots":44,"minecraft:iron_ore":45,"minecraft:andesite":1,"minecraft:bell":2,"minecraft:potatoes":34,"minecraft:deepslate_iron_ore":5,"minecraft:vine":9,"minecraft:stone":193,"minecraft:oak_slab":1,"minecraft:dandelion":3,"minecraft:crafting_table":3,"minecraft:cornflower":1,"minecraft:torch":1,"minecraft:melon":4,"minecraft:tall_grass":11,"minecraft:copper_ore":3,"minecraft:cobblestone":11,"minecraft:wheat":788,"minecraft:lilac":2,"minecraft:jungle_fence":1,"minecraft:yellow_bed":1,"minecraft:grass":77,"minecraft:oak_log":20,"minecraft:coal_ore":27,"minecraft:gravel":6,"minecraft:dirt":224,"minecraft:fern":1,"minecraft:oak_leaves":9,"minecraft:deepslate":2},"minecraft:dropped":{"minecraft:bread":28,"minecraft:oak_slab":1,"minecraft:wheat_seeds":433,"minecraft:baked_potato":2,"minecraft:diamond":3,"minecraft:feather":2,"minecraft:cobblestone":27,"minecraft:leather":2,"minecraft:jungle_planks":24,"minecraft:dirt":1,"minecraft:ink_sac":3,"minecraft:string":4,"minecraft:bucket":1,"minecraft:wheat":706,"minecraft:stone_shovel":2,"minecraft:rotten_flesh":16,"minecraft:oak_planks":1,"minecraft:carrot":13,"minecraft:chainmail_chestplate":10,"minecraft:potato":18,"minecraft:spider_eye":1,"minecraft:arrow":4},"minecraft:broken":{"minecraft:wooden_pickaxe":1,"minecraft:stone_pickaxe":1,"minecraft:stone_axe":1,"minecraft:wooden_axe":1,"minecraft:stone_shovel":2},"minecraft:picked_up":{"minecraft:crafting_table":2,"minecraft:wheat":1419,"minecraft:chicken":4,"minecraft:cornflower":2,"minecraft:string":6,"minecraft:raw_copper":15,"minecraft:diamond_leggings":1,"minecraft:beef":13,"minecraft:wooden_shovel":1,"minecraft:melon_slice":21,"minecraft:egg":2,"minecraft:raw_iron":50,"minecraft:stick":27,"minecraft:torch":17,"minecraft:porkchop":17,"minecraft:carrot":157,"minecraft:rotten_flesh":38,"minecraft:stone_shovel":2,"minecraft:arrow":6,"minecraft:mutton":12,"minecraft:white_wool":36,"minecraft:cobblestone":251,"minecraft:oxeye_daisy":3,"minecraft:feather":4,"minecraft:lilac":2,"minecraft:jungle_log":21,"minecraft:andesite":1,"minecraft:leather":2,"minecraft:jungle_fence":1,"minecraft:potato":127,"minecraft:flint":1,"minecraft:oak_log":20,"minecraft:yellow_bed":1,"minecraft:gunpowder":1,"minecraft:dirt":555,"minecraft:bone":4,"minecraft:apple":1,"minecraft:wheat_seeds":750,"minecraft:bell":2,"minecraft:stone_pickaxe":1,"minecraft:diamond_helmet":1,"minecraft:iron_sword":1,"minecraft:oak_planks":1,"minecraft:oak_slab":1,"minecraft:cooked_porkchop":3,"minecraft:dandelion":6,"minecraft:gravel":5,"minecraft:jungle_planks":26,"minecraft:ink_sac":3,"minecraft:white_bed":3,"minecraft:grass_block":1,"minecraft:spider_eye":2,"minecraft:jungle_leaves":3,"minecraft:diamond":9,"minecraft:granite":6,"minecraft:bread":9,"minecraft:emerald":15,"minecraft:baked_potato":2,"minecraft:oak_sapling":9,"minecraft:coal":27,"minecraft:black_wool":2,"minecraft:ender_pearl":1},"minecraft:custom":{"minecraft:mob_kills":50,"minecraft:animals_bred":1,"minecraft:interact_with_crafting_table":38,"minecraft:open_barrel":12,"minecraft:bell_ring":230,"minecraft:leave_game":8,"minecraft:time_since_death":186654,"minecraft:climb_one_cm":2846,"minecraft:sprint_one_cm":363628,"minecraft:walk_one_cm":881335,"minecraft:damage_blocked_by_shield":120,"minecraft:drop":114,"minecraft:talked_to_villager":49,"minecraft:play_time":208215,"minecraft:deaths":1,"minecraft:sneak_time":4266,"minecraft:walk_under_water_one_cm":4214,"minecraft:jump":3091,"minecraft:walk_on_water_one_cm":16362,"minecraft:total_world_time":208215,"minecraft:interact_with_furnace":21,"minecraft:traded_with_villager":12,"minecraft:interact_with_grindstone":1,"minecraft:sleep_in_bed":2,"minecraft:time_since_rest":10101,"minecraft:damage_taken":1252,"minecraft:damage_dealt":7616,"minecraft:swim_one_cm":13897,"minecraft:fly_one_cm":582845,"minecraft:open_chest":53,"minecraft:crouch_one_cm":12656,"minecraft:fall_one_cm":60962},"minecraft:used":{"minecraft:stone_shovel":272,"minecraft:chest":1,"minecraft:shield":6,"minecraft:iron_sword":78,"minecraft:wooden_shovel":26,"minecraft:bell":2,"minecraft:stone_hoe":85,"minecraft:torch":7,"minecraft:dirt":165,"minecraft:wheat":2,"minecraft:carrot":76,"minecraft:wooden_axe":36,"minecraft:melon_seeds":4,"minecraft:furnace":1,"minecraft:potato":54,"minecraft:wheat_seeds":829,"minecraft:cooked_mutton":5,"minecraft:water_bucket":1,"minecraft:stone_pickaxe":238,"minecraft:baked_potato":7,"minecraft:jungle_fence":1,"minecraft:wooden_pickaxe":59,"minecraft:crafting_table":5,"minecraft:white_bed":11,"minecraft:shears":3,"minecraft:oxeye_daisy":1,"minecraft:melon_slice":14,"minecraft:stone_axe":111,"minecraft:fishing_rod":4,"minecraft:cobblestone":19,"minecraft:cooked_porkchop":4,"minecraft:bucket":1,"minecraft:yellow_bed":2,"minecraft:bone_meal":48}},"DataVersion":3465}