{"stats":{"minecraft:killed":{"minecraft:pig":2,"minecraft:spider":1,"minecraft:sheep":3,"minecraft:zombie":6,"minecraft:chicken":2},"minecraft:mined":{"minecraft:white_bed":2,"minecraft:dandelion":3,"minecraft:crafting_table":2,"minecraft:cornflower":1,"minecraft:torch":1,"minecraft:granite":6,"minecraft:grass_block":116,"minecraft:jungle_log":9,"minecraft:tall_grass":11,"minecraft:copper_ore":3,"minecraft:oxeye_daisy":1,"minecraft:carrots":9,"minecraft:iron_ore":25,"minecraft:wheat":24,"minecraft:yellow_bed":1,"minecraft:bell":1,"minecraft:grass":64,"minecraft:oak_log":9,"minecraft:potatoes":5,"minecraft:coal_ore":6,"minecraft:deepslate_iron_ore":5,"minecraft:vine":2,"minecraft:gravel":6,"minecraft:dirt":214,"minecraft:stone":176,"minecraft:oak_leaves":7,"minecraft:deepslate":2},"minecraft:custom":{"minecraft:interact_with_furnace":10,"minecraft:mob_kills":14,"minecraft:animals_bred":1,"minecraft:interact_with_crafting_table":17,"minecraft:bell_ring":211,"minecraft:leave_game":2,"minecraft:time_since_death":56515,"minecraft:climb_one_cm":577,"minecraft:time_since_rest":56550,"minecraft:sprint_one_cm":111740,"minecraft:damage_taken":520,"minecraft:walk_one_cm":282112,"minecraft:drop":14,"minecraft:damage_dealt":2158,"minecraft:talked_to_villager":7,"minecraft:fly_one_cm":201345,"minecraft:open_chest":19,"minecraft:crouch_one_cm":2821,"minecraft:play_time":78076,"minecraft:sneak_time":913,"minecraft:deaths":1,"minecraft:walk_under_water_one_cm":3080,"minecraft:jump":1069,"minecraft:walk_on_water_one_cm":8516,"minecraft:total_world_time":78076,"minecraft:fall_one_cm":20291},"minecraft:killed_by":{"minecraft:zombie":1},"minecraft:picked_up":{"minecraft:crafting_table":1,"minecraft:wheat":27,"minecraft:feather":4,"minecraft:chicken":4,"minecraft:jungle_log":9,"minecraft:potato":16,"minecraft:flint":1,"minecraft:oak_log":9,"minecraft:yellow_bed":1,"minecraft:cornflower":2,"minecraft:dirt":534,"minecraft:raw_copper":15,"minecraft:apple":1,"minecraft:wheat_seeds":94,"minecraft:bell":1,"minecraft:stone_pickaxe":1,"minecraft:wooden_shovel":1,"minecraft:stick":9,"minecraft:raw_iron":30,"minecraft:cooked_porkchop":3,"minecraft:torch":17,"minecraft:dandelion":6,"minecraft:gravel":5,"minecraft:porkchop":4,"minecraft:jungle_planks":26,"minecraft:white_bed":2,"minecraft:carrot":36,"minecraft:grass_block":1,"minecraft:rotten_flesh":13,"minecraft:stone_shovel":2,"minecraft:granite":6,"minecraft:oak_sapling":9,"minecraft:black_wool":2,"minecraft:mutton":10,"minecraft:coal":6,"minecraft:ender_pearl":1,"minecraft:white_wool":17,"minecraft:cobblestone":227,"minecraft:oxeye_daisy":2},"minecraft:used":{"minecraft:cooked_mutton":5,"minecraft:wheat_seeds":52,"minecraft:stone_pickaxe":167,"minecraft:stone_shovel":272,"minecraft:chest":1,"minecraft:wooden_pickaxe":59,"minecraft:wooden_shovel":26,"minecraft:bell":1,"minecraft:stone_hoe":31,"minecraft:torch":7,"minecraft:dirt":84,"minecraft:wheat":2,"minecraft:crafting_table":4,"minecraft:carrot":13,"minecraft:white_bed":3,"minecraft:wooden_axe":36,"minecraft:stone_axe":35,"minecraft:furnace":1,"minecraft:cooked_porkchop":2,"minecraft:yellow_bed":2,"minecraft:potato":8,"minecraft:bone_meal":42},"minecraft:dropped":{"minecraft:bread":5,"minecraft:wheat_seeds":1,"minecraft:wheat":2,"minecraft:stone_shovel":1,"minecraft:jungle_planks":24,"minecraft:potato":4},"minecraft:broken":{"minecraft:stone_pickaxe":1,"minecraft:wooden_axe":1,"minecraft:stone_shovel":2,"minecraft:wooden_pickaxe":1},"minecraft:crafted":{"minecraft:oak_planks":36,"minecraft:wooden_shovel":1,"minecraft:stone_shovel":4,"minecraft:cooked_porkchop":4,"minecraft:crafting_table":3,"minecraft:wooden_pickaxe":1,"minecraft:furnace":1,"minecraft:bone_meal":42,"minecraft:stone_axe":1,"minecraft:bread":5,"minecraft:cooked_mutton":5,"minecraft:air":0,"minecraft:jungle_planks":36,"minecraft:stick":16,"minecraft:iron_ingot":25,"minecraft:stone_pickaxe":2,"minecraft:wooden_axe":1,"minecraft:chest":1,"minecraft:white_bed":1,"minecraft:stone_hoe":1,"minecraft:shears":1}},"DataVersion":3465}