{"stats":{"minecraft:crafted":{"minecraft:oak_planks":36,"minecraft:wooden_shovel":1,"minecraft:stone_shovel":4,"minecraft:cooked_porkchop":4,"minecraft:crafting_table":3,"minecraft:wooden_pickaxe":1,"minecraft:furnace":1,"minecraft:bucket":1,"minecraft:bone_meal":42,"minecraft:stone_axe":2,"minecraft:bread":10,"minecraft:cooked_mutton":5,"minecraft:air":0,"minecraft:jungle_planks":84,"minecraft:iron_chestplate":1,"minecraft:melon_seeds":4,"minecraft:stick":16,"minecraft:iron_ingot":30,"minecraft:stone_pickaxe":2,"minecraft:wooden_axe":1,"minecraft:chest":1,"minecraft:iron_leggings":1,"minecraft:white_bed":8,"minecraft:stone_hoe":1,"minecraft:shears":1},"minecraft:killed":{"minecraft:cave_spider":1,"minecraft:pig":2,"minecraft:spider":1,"minecraft:creeper":1,"minecraft:skeleton":1,"minecraft:sheep":3,"minecraft:zombie":11,"minecraft:chicken":2,"minecraft:cow":1},"minecraft:killed_by":{"minecraft:zombie":1},"minecraft:mined":{"minecraft:white_bed":2,"minecraft:jungle_leaves":3,"minecraft:dandelion":3,"minecraft:cornflower":1,"minecraft:crafting_table":2,"minecraft:torch":1,"minecraft:granite":6,"minecraft:grass_block":125,"minecraft:melon":4,"minecraft:jungle_log":21,"minecraft:copper_ore":3,"minecraft:tall_grass":11,"minecraft:oxeye_daisy":1,"minecraft:carrots":9,"minecraft:iron_ore":45,"minecraft:wheat":34,"minecraft:andesite":1,"minecraft:yellow_bed":1,"minecraft:bell":2,"minecraft:grass":76,"minecraft:potatoes":6,"minecraft:coal_ore":27,"minecraft:oak_log":20,"minecraft:deepslate_iron_ore":5,"minecraft:vine":9,"minecraft:gravel":6,"minecraft:dirt":220,"minecraft:stone":193,"minecraft:oak_leaves":7,"minecraft:deepslate":2},"minecraft:dropped":{"minecraft:bread":10,"minecraft:wheat_seeds":1,"minecraft:wheat":2,"minecraft:stone_shovel":1,"minecraft:jungle_planks":24,"minecraft:carrot":6,"minecraft:potato":8,"minecraft:bucket":1},"minecraft:broken":{"minecraft:stone_pickaxe":1,"minecraft:stone_axe":1,"minecraft:wooden_axe":1,"minecraft:stone_shovel":2,"minecraft:wooden_pickaxe":1},"minecraft:picked_up":{"minecraft:crafting_table":1,"minecraft:wheat":37,"minecraft:feather":4,"minecraft:chicken":4,"minecraft:andesite":1,"minecraft:jungle_log":21,"minecraft:leather":2,"minecraft:potato":21,"minecraft:flint":1,"minecraft:oak_log":20,"minecraft:yellow_bed":1,"minecraft:gunpowder":1,"minecraft:cornflower":2,"minecraft:string":2,"minecraft:dirt":549,"minecraft:raw_copper":15,"minecraft:bone":2,"minecraft:apple":1,"minecraft:wheat_seeds":128,"minecraft:bell":2,"minecraft:beef":3,"minecraft:stone_pickaxe":1,"minecraft:wooden_shovel":1,"minecraft:melon_slice":21,"minecraft:egg":1,"minecraft:stick":27,"minecraft:raw_iron":50,"minecraft:cooked_porkchop":3,"minecraft:torch":17,"minecraft:dandelion":6,"minecraft:gravel":5,"minecraft:porkchop":4,"minecraft:jungle_planks":26,"minecraft:ink_sac":3,"minecraft:white_bed":2,"minecraft:grass_block":1,"minecraft:carrot":36,"minecraft:arrow":1,"minecraft:spider_eye":1,"minecraft:jungle_leaves":3,"minecraft:stone_shovel":2,"minecraft:rotten_flesh":20,"minecraft:granite":6,"minecraft:oak_sapling":9,"minecraft:black_wool":2,"minecraft:mutton":10,"minecraft:coal":27,"minecraft:ender_pearl":1,"minecraft:white_wool":26,"minecraft:cobblestone":240,"minecraft:oxeye_daisy":2},"minecraft:custom":{"minecraft:interact_with_furnace":12,"minecraft:mob_kills":24,"minecraft:animals_bred":1,"minecraft:interact_with_crafting_table":27,"minecraft:open_barrel":5,"minecraft:bell_ring":229,"minecraft:leave_game":4,"minecraft:time_since_death":90305,"minecraft:climb_one_cm":1302,"minecraft:time_since_rest":90340,"minecraft:sprint_one_cm":146000,"minecraft:damage_taken":1082,"minecraft:walk_one_cm":492323,"minecraft:drop":30,"minecraft:damage_dealt":3961,"minecraft:talked_to_villager":8,"minecraft:fly_one_cm":241002,"minecraft:open_chest":29,"minecraft:play_time":111866,"minecraft:crouch_one_cm":9172,"minecraft:sneak_time":2944,"minecraft:deaths":1,"minecraft:walk_under_water_one_cm":3181,"minecraft:jump":1511,"minecraft:walk_on_water_one_cm":10791,"minecraft:total_world_time":111866,"minecraft:fall_one_cm":27097},"minecraft:used":{"minecraft:cooked_mutton":5,"minecraft:wheat_seeds":75,"minecraft:water_bucket":1,"minecraft:stone_pickaxe":227,"minecraft:stone_shovel":272,"minecraft:chest":1,"minecraft:wooden_pickaxe":59,"minecraft:wooden_shovel":26,"minecraft:stone_hoe":84,"minecraft:bell":2,"minecraft:torch":7,"minecraft:dirt":161,"minecraft:wheat":2,"minecraft:crafting_table":4,"minecraft:carrot":30,"minecraft:white_bed":10,"minecraft:shears":3,"minecraft:wooden_axe":36,"minecraft:melon_slice":14,"minecraft:melon_seeds":4,"minecraft:stone_axe":102,"minecraft:cobblestone":7,"minecraft:furnace":1,"minecraft:cooked_porkchop":4,"minecraft:bucket":1,"minecraft:yellow_bed":2,"minecraft:bone_meal":42,"minecraft:potato":18}},"DataVersion":3465}