{"stats":{"minecraft:picked_up":{"minecraft:crafting_table":3,"minecraft:jungle_log":22,"minecraft:leather":4,"minecraft:torch":4,"minecraft:gravel":11,"minecraft:oak_log":7,"minecraft:diorite":11,"minecraft:dirt":13,"minecraft:arrow":2,"minecraft:bone":2,"minecraft:rotten_flesh":6,"minecraft:wheat_seeds":1,"minecraft:beef":5,"minecraft:cobblestone":188},"minecraft:mined":{"minecraft:tall_seagrass":1,"minecraft:torch":3,"minecraft:crafting_table":3,"minecraft:grass":4,"minecraft:grass_block":4,"minecraft:oak_log":10,"minecraft:vine":3,"minecraft:jungle_log":22,"minecraft:gravel":1,"minecraft:dirt":9,"minecraft:stone":190,"minecraft:diorite":11,"minecraft:wall_torch":1,"minecraft:fern":3},"minecraft:killed":{"minecraft:skeleton":1,"minecraft:zombie":6,"minecraft:zombie_villager":1,"minecraft:cow":3},"minecraft:custom":{"minecraft:time_since_rest":18519,"minecraft:interact_with_furnace":10,"minecraft:sprint_one_cm":22821,"minecraft:damage_taken":209,"minecraft:walk_one_cm":45309,"minecraft:mob_kills":11,"minecraft:damage_dealt":2122,"minecraft:swim_one_cm":25959,"minecraft:player_kills":1,"minecraft:interact_with_crafting_table":8,"minecraft:fly_one_cm":22993,"minecraft:crouch_one_cm":1274,"minecraft:play_time":18519,"minecraft:sneak_time":607,"minecraft:walk_under_water_one_cm":3328,"minecraft:jump":202,"minecraft:leave_game":2,"minecraft:time_since_death":18519,"minecraft:walk_on_water_one_cm":4121,"minecraft:total_world_time":18519,"minecraft:climb_one_cm":1322,"minecraft:fall_one_cm":1463},"minecraft:used":{"minecraft:wooden_axe":17,"minecraft:diorite":2,"minecraft:stone_pickaxe":195,"minecraft:wooden_pickaxe":10,"minecraft:stone_axe":60,"minecraft:torch":7,"minecraft:dirt":2,"minecraft:crafting_table":4,"minecraft:furnace":2,"minecraft:cooked_beef":2},"minecraft:crafted":{"minecraft:cooked_beef":5,"minecraft:oak_planks":28,"minecraft:charcoal":11,"minecraft:crafting_table":2,"minecraft:stick":12,"minecraft:wooden_pickaxe":1,"minecraft:stone_pickaxe":2,"minecraft:wooden_axe":1,"minecraft:furnace":2,"minecraft:torch":4,"minecraft:stone_axe":1,"minecraft:air":0,"minecraft:jungle_planks":44},"minecraft:broken":{"minecraft:stone_pickaxe":1}},"DataVersion":3465}