{"stats":{"minecraft:killed":{"minecraft:spider":2,"minecraft:skeleton":10,"minecraft:zombie_villager":1,"minecraft:bat":1,"minecraft:creeper":4,"minecraft:sheep":6,"minecraft:zombie":23,"minecraft:villager":1,"minecraft:cow":5,"minecraft:enderman":1},"minecraft:custom":{"minecraft:mob_kills":56,"minecraft:animals_bred":4,"minecraft:inspect_hopper":4,"minecraft:interact_with_crafting_table":66,"minecraft:open_barrel":1,"minecraft:bell_ring":26,"minecraft:leave_game":3,"minecraft:time_since_death":205686,"minecraft:climb_one_cm":1500,"minecraft:sprint_one_cm":189368,"minecraft:walk_one_cm":634668,"minecraft:damage_blocked_by_shield":410,"minecraft:drop":90,"minecraft:talked_to_villager":63,"minecraft:play_time":205686,"minecraft:sneak_time":6470,"minecraft:walk_under_water_one_cm":12482,"minecraft:boat_one_cm":32570,"minecraft:jump":2278,"minecraft:walk_on_water_one_cm":53941,"minecraft:total_world_time":205686,"minecraft:interact_with_furnace":41,"minecraft:traded_with_villager":32,"minecraft:sleep_in_bed":2,"minecraft:time_since_rest":47093,"minecraft:damage_taken":1031,"minecraft:damage_dealt":10649,"minecraft:swim_one_cm":33225,"minecraft:fly_one_cm":258782,"minecraft:player_kills":1,"minecraft:open_chest":41,"minecraft:crouch_one_cm":22323,"minecraft:fall_one_cm":35155},"minecraft:mined":{"minecraft:tuff":1,"minecraft:oak_sapling":3,"minecraft:deepslate_diamond_ore":1,"minecraft:lever":1,"minecraft:granite":24,"minecraft:grass_block":133,"minecraft:jungle_planks":7,"minecraft:jungle_log":22,"minecraft:spawner":1,"minecraft:tall_seagrass":1,"minecraft:iron_ore":85,"minecraft:barrel":17,"minecraft:andesite":26,"minecraft:deepslate_lapis_ore":18,"minecraft:dirt_path":9,"minecraft:deepslate_iron_ore":66,"minecraft:cobblestone_slab":30,"minecraft:vine":3,"minecraft:stone":513,"minecraft:tripwire":16,"minecraft:crafting_table":3,"minecraft:torch":11,"minecraft:blast_furnace":2,"minecraft:melon":6,"minecraft:chest":4,"minecraft:tall_grass":16,"minecraft:copper_ore":2,"minecraft:cobblestone":68,"minecraft:lapis_ore":7,"minecraft:deepslate_gold_ore":29,"minecraft:oak_planks":2,"minecraft:diorite":12,"minecraft:wall_torch":4,"minecraft:wheat":9,"minecraft:yellow_bed":1,"minecraft:grass":85,"minecraft:oak_log":50,"minecraft:coal_ore":47,"minecraft:gravel":7,"minecraft:dirt":212,"minecraft:tripwire_hook":5,"minecraft:oak_button":1,"minecraft:gold_ore":19,"minecraft:oak_leaves":6,"minecraft:deepslate":101,"minecraft:fern":3},"minecraft:picked_up":{"minecraft:crafting_table":3,"minecraft:wheat":9,"minecraft:string":5406,"minecraft:raw_copper":7,"minecraft:cobbled_deepslate":103,"minecraft:beef":10,"minecraft:oak_boat":6,"minecraft:cobblestone_slab":38,"minecraft:melon_slice":30,"minecraft:chest":4,"minecraft:furnace":1,"minecraft:stick":10,"minecraft:raw_iron":149,"minecraft:torch":15,"minecraft:diorite":15,"minecraft:rotten_flesh":17,"minecraft:arrow":13,"minecraft:mutton":8,"minecraft:white_wool":5,"minecraft:cobblestone":598,"minecraft:tripwire_hook":5,"minecraft:andesite":26,"minecraft:jungle_log":22,"minecraft:leather":5,"minecraft:tuff":1,"minecraft:oak_log":47,"minecraft:yellow_bed":1,"minecraft:gunpowder":2,"minecraft:lapis_lazuli":163,"minecraft:dirt":374,"minecraft:bone":19,"minecraft:apple":3,"minecraft:wheat_seeds":40,"minecraft:raw_gold":48,"minecraft:stone_pickaxe":1,"minecraft:iron_ingot":27,"minecraft:oak_planks":2,"minecraft:gravel":22,"minecraft:jungle_planks":15,"minecraft:blast_furnace":2,"minecraft:barrel":16,"minecraft:diamond":3,"minecraft:lever":2,"minecraft:granite":25,"minecraft:gray_wool":1,"minecraft:oak_button":1,"minecraft:oak_sapling":14,"minecraft:coal":47},"minecraft:used":{"minecraft:oak_trapdoor":2,"minecraft:iron_shovel":250,"minecraft:chest":16,"minecraft:shield":16,"minecraft:torch":33,"minecraft:dirt":358,"minecraft:hopper":1,"minecraft:wooden_axe":17,"minecraft:iron_axe":192,"minecraft:barrel":19,"minecraft:tripwire_hook":7,"minecraft:oak_sapling":6,"minecraft:furnace":3,"minecraft:cooked_beef":8,"minecraft:cobbled_deepslate":61,"minecraft:wheat_seeds":9,"minecraft:cooked_mutton":7,"minecraft:water_bucket":3,"minecraft:diorite":2,"minecraft:stone_pickaxe":708,"minecraft:oak_planks":2,"minecraft:wooden_pickaxe":12,"minecraft:cobblestone_slab":54,"minecraft:jungle_boat":1,"minecraft:rail":6,"minecraft:crafting_table":12,"minecraft:blast_furnace":2,"minecraft:white_bed":1,"minecraft:shears":36,"minecraft:lever":3,"minecraft:string":61,"minecraft:iron_pickaxe":364,"minecraft:bread":3,"minecraft:oak_button":1,"minecraft:gravel":1,"minecraft:stone_axe":88,"minecraft:cobblestone":347,"minecraft:bucket":3,"minecraft:oak_boat":7},"minecraft:dropped":{"minecraft:diamond":1,"minecraft:cobblestone":6,"minecraft:leather":1,"minecraft:apple":3,"minecraft:torch":14,"minecraft:string":3597,"minecraft:bone":6,"minecraft:raw_iron":7,"minecraft:rotten_flesh":17,"minecraft:cobblestone_slab":7,"minecraft:beef":2},"minecraft:broken":{"minecraft:iron_shovel":1,"minecraft:stone_pickaxe":5,"minecraft:iron_axe":1,"minecraft:stone_axe":1,"minecraft:iron_pickaxe":1},"minecraft:crafted":{"minecraft:smooth_stone":3,"minecraft:oak_planks":188,"minecraft:cobblestone_slab":30,"minecraft:barrel":3,"minecraft:tripwire_hook":2,"minecraft:furnace":3,"minecraft:blast_furnace":1,"minecraft:stone":3,"minecraft:lever":1,"minecraft:cooked_mutton":8,"minecraft:oak_trapdoor":2,"minecraft:hopper":1,"minecraft:iron_boots":1,"minecraft:iron_axe":2,"minecraft:stone_pickaxe":5,"minecraft:chest":13,"minecraft:oak_button":1,"minecraft:rail":32,"minecraft:minecart":1,"minecraft:cooked_beef":8,"minecraft:oak_slab":12,"minecraft:emerald":32,"minecraft:crafting_table":9,"minecraft:jungle_boat":1,"minecraft:wooden_pickaxe":1,"minecraft:iron_helmet":1,"minecraft:bucket":1,"minecraft:stone_axe":1,"minecraft:air":0,"minecraft:jungle_planks":44,"minecraft:oak_boat":2,"minecraft:iron_chestplate":1,"minecraft:charcoal":11,"minecraft:shield":1,"minecraft:stick":36,"minecraft:iron_pickaxe":2,"minecraft:iron_ingot":142,"minecraft:wooden_axe":1,"minecraft:iron_shovel":1,"minecraft:iron_leggings":1,"minecraft:white_bed":1,"minecraft:torch":32,"minecraft:shears":1}},"DataVersion":3465}