{"stats":{"minecraft:dropped":{"minecraft:diamond":1,"minecraft:raw_iron":7,"minecraft:rotten_flesh":17,"minecraft:leather":1,"minecraft:beef":2},"minecraft:picked_up":{"minecraft:crafting_table":3,"minecraft:wheat":9,"minecraft:tripwire_hook":4,"minecraft:jungle_log":22,"minecraft:andesite":26,"minecraft:leather":5,"minecraft:tuff":1,"minecraft:oak_log":47,"minecraft:gunpowder":2,"minecraft:string":49,"minecraft:lapis_lazuli":163,"minecraft:dirt":45,"minecraft:raw_copper":7,"minecraft:bone":13,"minecraft:apple":1,"minecraft:wheat_seeds":39,"minecraft:cobbled_deepslate":103,"minecraft:raw_gold":48,"minecraft:beef":10,"minecraft:melon_slice":29,"minecraft:furnace":1,"minecraft:stick":10,"minecraft:raw_iron":149,"minecraft:torch":15,"minecraft:gravel":22,"minecraft:jungle_planks":5,"minecraft:diorite":15,"minecraft:rotten_flesh":17,"minecraft:arrow":12,"minecraft:diamond":3,"minecraft:lever":1,"minecraft:granite":25,"minecraft:gray_wool":1,"minecraft:oak_sapling":14,"minecraft:mutton":8,"minecraft:coal":47,"minecraft:white_wool":5,"minecraft:cobblestone":430},"minecraft:mined":{"minecraft:tuff":1,"minecraft:oak_sapling":3,"minecraft:deepslate_diamond_ore":1,"minecraft:crafting_table":3,"minecraft:torch":11,"minecraft:lever":1,"minecraft:granite":24,"minecraft:grass_block":5,"minecraft:melon":6,"minecraft:jungle_log":22,"minecraft:tall_grass":16,"minecraft:copper_ore":2,"minecraft:cobblestone":19,"minecraft:deepslate_gold_ore":29,"minecraft:lapis_ore":7,"minecraft:diorite":12,"minecraft:wall_torch":4,"minecraft:spawner":1,"minecraft:tall_seagrass":1,"minecraft:wheat":9,"minecraft:iron_ore":85,"minecraft:andesite":26,"minecraft:deepslate_lapis_ore":18,"minecraft:grass":70,"minecraft:coal_ore":47,"minecraft:oak_log":50,"minecraft:deepslate_iron_ore":66,"minecraft:vine":3,"minecraft:gravel":7,"minecraft:dirt":20,"minecraft:tripwire_hook":4,"minecraft:stone":406,"minecraft:tripwire":13,"minecraft:gold_ore":19,"minecraft:oak_leaves":6,"minecraft:deepslate":101,"minecraft:fern":3},"minecraft:killed":{"minecraft:zombie_villager":1,"minecraft:spider":2,"minecraft:bat":1,"minecraft:creeper":4,"minecraft:sheep":6,"minecraft:skeleton":9,"minecraft:zombie":22,"minecraft:enderman":1,"minecraft:cow":5},"minecraft:custom":{"minecraft:interact_with_furnace":36,"minecraft:mob_kills":53,"minecraft:animals_bred":4,"minecraft:interact_with_crafting_table":41,"minecraft:leave_game":2,"minecraft:time_since_death":120519,"minecraft:sleep_in_bed":1,"minecraft:climb_one_cm":1500,"minecraft:time_since_rest":41927,"minecraft:sprint_one_cm":146483,"minecraft:damage_taken":855,"minecraft:walk_one_cm":363080,"minecraft:damage_blocked_by_shield":380,"minecraft:drop":6,"minecraft:damage_dealt":9735,"minecraft:talked_to_villager":1,"minecraft:swim_one_cm":31707,"minecraft:fly_one_cm":193754,"minecraft:player_kills":1,"minecraft:open_chest":12,"minecraft:crouch_one_cm":8211,"minecraft:play_time":120519,"minecraft:sneak_time":3776,"minecraft:walk_under_water_one_cm":11934,"minecraft:boat_one_cm":26333,"minecraft:jump":1749,"minecraft:walk_on_water_one_cm":42126,"minecraft:total_world_time":120519,"minecraft:fall_one_cm":25697},"minecraft:used":{"minecraft:oak_trapdoor":2,"minecraft:wheat_seeds":9,"minecraft:cooked_mutton":2,"minecraft:water_bucket":3,"minecraft:diorite":2,"minecraft:stone_pickaxe":656,"minecraft:chest":6,"minecraft:shield":15,"minecraft:wooden_pickaxe":12,"minecraft:jungle_boat":1,"minecraft:torch":33,"minecraft:dirt":31,"minecraft:crafting_table":11,"minecraft:white_bed":1,"minecraft:shears":30,"minecraft:wooden_axe":17,"minecraft:lever":1,"minecraft:oak_button":1,"minecraft:string":43,"minecraft:iron_axe":154,"minecraft:bread":3,"minecraft:iron_pickaxe":223,"minecraft:gravel":1,"minecraft:tripwire_hook":6,"minecraft:stone_axe":83,"minecraft:cobblestone":225,"minecraft:oak_sapling":6,"minecraft:furnace":3,"minecraft:bucket":3,"minecraft:cooked_beef":8,"minecraft:cobbled_deepslate":61},"minecraft:crafted":{"minecraft:cooked_beef":8,"minecraft:oak_planks":88,"minecraft:tripwire_hook":2,"minecraft:crafting_table":8,"minecraft:jungle_boat":1,"minecraft:wooden_pickaxe":1,"minecraft:iron_helmet":1,"minecraft:furnace":3,"minecraft:lever":1,"minecraft:bucket":1,"minecraft:stone_axe":1,"minecraft:cooked_mutton":8,"minecraft:air":0,"minecraft:oak_trapdoor":2,"minecraft:jungle_planks":44,"minecraft:iron_boots":1,"minecraft:iron_chestplate":1,"minecraft:charcoal":11,"minecraft:shield":1,"minecraft:iron_axe":2,"minecraft:stick":28,"minecraft:iron_ingot":142,"minecraft:iron_pickaxe":1,"minecraft:stone_pickaxe":5,"minecraft:wooden_axe":1,"minecraft:oak_button":1,"minecraft:chest":6,"minecraft:iron_leggings":1,"minecraft:white_bed":1,"minecraft:torch":32,"minecraft:shears":1},"minecraft:broken":{"minecraft:stone_pickaxe":5,"minecraft:iron_axe":1}},"DataVersion":3465}