{"stats":{"minecraft:crafted":{"minecraft:smooth_stone":3,"minecraft:oak_planks":224,"minecraft:cobblestone_slab":126,"minecraft:barrel":4,"minecraft:tripwire_hook":2,"minecraft:furnace":3,"minecraft:blast_furnace":1,"minecraft:stone":33,"minecraft:bone_meal":27,"minecraft:lever":1,"minecraft:white_carpet":6,"minecraft:cooked_mutton":12,"minecraft:oak_trapdoor":8,"minecraft:glass":64,"minecraft:hopper":1,"minecraft:iron_boots":1,"minecraft:iron_axe":2,"minecraft:stone_pickaxe":5,"minecraft:chest":13,"minecraft:oak_button":1,"minecraft:cod_bucket":5,"minecraft:rail":96,"minecraft:minecart":2,"minecraft:cooked_beef":8,"minecraft:oak_slab":12,"minecraft:emerald":460,"minecraft:crafting_table":10,"minecraft:jungle_boat":2,"minecraft:baked_potato":3,"minecraft:wooden_pickaxe":1,"minecraft:iron_helmet":1,"minecraft:iron_sword":3,"minecraft:bucket":1,"minecraft:stone_axe":1,"minecraft:bread":32,"minecraft:air":0,"minecraft:jungle_planks":48,"minecraft:oak_boat":2,"minecraft:iron_chestplate":1,"minecraft:charcoal":16,"minecraft:shield":1,"minecraft:stick":40,"minecraft:stone_slab":30,"minecraft:iron_ingot":142,"minecraft:iron_pickaxe":4,"minecraft:wooden_axe":1,"minecraft:iron_shovel":2,"minecraft:iron_leggings":1,"minecraft:white_bed":1,"minecraft:torch":40,"minecraft:shears":1},"minecraft:killed":{"minecraft:spider":4,"minecraft:phantom":2,"minecraft:skeleton":17,"minecraft:zombie_villager":1,"minecraft:iron_golem":3,"minecraft:bat":1,"minecraft:wandering_trader":1,"minecraft:creeper":4,"minecraft:sheep":8,"minecraft:trader_llama":1,"minecraft:zombie":44,"minecraft:villager":1,"minecraft:cow":5,"minecraft:enderman":1},"minecraft:mined":{"minecraft:tuff":1,"minecraft:white_bed":4,"minecraft:oak_sapling":4,"minecraft:deepslate_diamond_ore":3,"minecraft:lever":1,"minecraft:granite":24,"minecraft:grass_block":241,"minecraft:jungle_planks":44,"minecraft:jungle_log":23,"minecraft:spawner":1,"minecraft:tall_seagrass":1,"minecraft:oak_trapdoor":1,"minecraft:carrots":17,"minecraft:fire":1,"minecraft:iron_ore":85,"minecraft:barrel":23,"minecraft:andesite":26,"minecraft:deepslate_lapis_ore":18,"minecraft:potatoes":2,"minecraft:vine":3,"minecraft:deepslate_iron_ore":66,"minecraft:cobblestone_slab":88,"minecraft:dirt_path":10,"minecraft:rail":95,"minecraft:stone":746,"minecraft:tripwire":18,"minecraft:oak_fence":2,"minecraft:crafting_table":3,"minecraft:torch":16,"minecraft:blast_furnace":2,"minecraft:melon":6,"minecraft:chest":4,"minecraft:stone_slab":10,"minecraft:tall_grass":17,"minecraft:copper_ore":2,"minecraft:cobblestone":86,"minecraft:lapis_ore":7,"minecraft:deepslate_gold_ore":29,"minecraft:grindstone":1,"minecraft:oak_planks":6,"minecraft:diorite":12,"minecraft:wall_torch":4,"minecraft:wheat":44,"minecraft:yellow_bed":2,"minecraft:grass":169,"minecraft:oak_log":59,"minecraft:coal_ore":47,"minecraft:sand":72,"minecraft:gravel":7,"minecraft:dirt":255,"minecraft:tripwire_hook":5,"minecraft:oak_button":1,"minecraft:gold_ore":19,"minecraft:oak_leaves":13,"minecraft:deepslate":101,"minecraft:fern":5},"minecraft:dropped":{"minecraft:iron_ingot":2,"minecraft:bread":28,"minecraft:oak_slab":1,"minecraft:wheat_seeds":3,"minecraft:diamond":1,"minecraft:cobblestone":6,"minecraft:lead":1,"minecraft:leather":1,"minecraft:apple":3,"minecraft:coal":26,"minecraft:torch":14,"minecraft:phantom_membrane":1,"minecraft:string":3597,"minecraft:bone":6,"minecraft:raw_iron":7,"minecraft:rotten_flesh":17,"minecraft:oak_planks":1,"minecraft:carrot":45,"minecraft:cobblestone_slab":7,"minecraft:cod_bucket":4,"minecraft:arrow":1,"minecraft:beef":2},"minecraft:broken":{"minecraft:iron_shovel":1,"minecraft:stone_pickaxe":5,"minecraft:iron_axe":1,"minecraft:stone_axe":1,"minecraft:iron_pickaxe":3},"minecraft:picked_up":{"minecraft:crafting_table":3,"minecraft:wheat":107,"minecraft:stone_slab":9,"minecraft:lead":1,"minecraft:cod_bucket":4,"minecraft:oak_trapdoor":1,"minecraft:string":8220,"minecraft:raw_copper":7,"minecraft:cobbled_deepslate":134,"minecraft:beef":10,"minecraft:oak_boat":6,"minecraft:cobblestone_slab":100,"minecraft:poppy":12,"minecraft:minecart":18,"minecraft:melon_slice":30,"minecraft:chest":4,"minecraft:phantom_membrane":2,"minecraft:furnace":1,"minecraft:egg":1,"minecraft:stick":14,"minecraft:raw_iron":149,"minecraft:oak_fence":17,"minecraft:torch":20,"minecraft:diorite":15,"minecraft:carrot":78,"minecraft:rotten_flesh":39,"minecraft:arrow":20,"minecraft:saddle":1,"minecraft:gold_ingot":1,"minecraft:mutton":12,"minecraft:rail":99,"minecraft:white_wool":7,"minecraft:cobblestone":854,"minecraft:jungle_boat":5,"minecraft:tripwire_hook":5,"minecraft:andesite":28,"minecraft:jungle_log":23,"minecraft:leather":13,"minecraft:potato":8,"minecraft:tuff":16,"minecraft:oak_log":56,"minecraft:yellow_bed":2,"minecraft:gunpowder":4,"minecraft:lapis_lazuli":163,"minecraft:dirt":551,"minecraft:bone":29,"minecraft:apple":3,"minecraft:grindstone":1,"minecraft:bow":1,"minecraft:wheat_seeds":150,"minecraft:raw_gold":48,"minecraft:stone_pickaxe":1,"minecraft:iron_ingot":39,"minecraft:oak_planks":6,"minecraft:sand":72,"minecraft:dandelion":2,"minecraft:gravel":23,"minecraft:jungle_planks":62,"minecraft:blast_furnace":2,"minecraft:white_bed":4,"minecraft:barrel":22,"minecraft:diamond":5,"minecraft:lever":2,"minecraft:granite":27,"minecraft:emerald":44,"minecraft:gray_wool":1,"minecraft:bread":5,"minecraft:oak_button":1,"minecraft:oak_sapling":20,"minecraft:coal":47},"minecraft:custom":{"minecraft:mob_kills":96,"minecraft:animals_bred":4,"minecraft:inspect_hopper":6,"minecraft:interact_with_crafting_table":100,"minecraft:open_barrel":22,"minecraft:bell_ring":69,"minecraft:leave_game":4,"minecraft:time_since_death":393430,"minecraft:climb_one_cm":1678,"minecraft:sprint_one_cm":656494,"minecraft:walk_one_cm":1238451,"minecraft:damage_blocked_by_shield":665,"minecraft:drop":143,"minecraft:talked_to_villager":177,"minecraft:play_time":393430,"minecraft:sneak_time":16369,"minecraft:walk_under_water_one_cm":23991,"minecraft:boat_one_cm":35612,"minecraft:jump":5423,"minecraft:walk_on_water_one_cm":88905,"minecraft:total_world_time":393430,"minecraft:interact_with_furnace":63,"minecraft:traded_with_villager":468,"minecraft:interact_with_grindstone":1,"minecraft:sleep_in_bed":6,"minecraft:time_since_rest":36443,"minecraft:damage_taken":1999,"minecraft:minecart_one_cm":1268,"minecraft:damage_dealt":18567,"minecraft:player_kills":1,"minecraft:swim_one_cm":61490,"minecraft:fly_one_cm":945722,"minecraft:open_chest":109,"minecraft:crouch_one_cm":59527,"minecraft:fall_one_cm":93686},"minecraft:used":{"minecraft:oak_fence":3,"minecraft:oak_trapdoor":7,"minecraft:iron_shovel":408,"minecraft:poppy":2,"minecraft:chest":16,"minecraft:shield":25,"minecraft:stone":2,"minecraft:iron_sword":110,"minecraft:rotten_flesh":3,"minecraft:torch":45,"minecraft:dirt":534,"minecraft:white_carpet":4,"minecraft:hopper":1,"minecraft:jungle_planks":67,"minecraft:carrot":33,"minecraft:cod_bucket":4,"minecraft:glass":21,"minecraft:wooden_axe":17,"minecraft:iron_axe":303,"minecraft:barrel":25,"minecraft:tripwire_hook":7,"minecraft:oak_sapling":7,"minecraft:furnace":3,"minecraft:minecart":19,"minecraft:cooked_beef":8,"minecraft:cobbled_deepslate":61,"minecraft:wheat_seeds":72,"minecraft:cooked_mutton":12,"minecraft:water_bucket":6,"minecraft:diorite":2,"minecraft:stone_pickaxe":708,"minecraft:baked_potato":3,"minecraft:oak_planks":13,"minecraft:wooden_pickaxe":12,"minecraft:cobblestone_slab":182,"minecraft:jungle_boat":6,"minecraft:sand":7,"minecraft:rail":174,"minecraft:oak_slab":1,"minecraft:crafting_table":13,"minecraft:blast_furnace":2,"minecraft:white_bed":5,"minecraft:shears":38,"minecraft:lever":3,"minecraft:string":62,"minecraft:iron_pickaxe":753,"minecraft:bread":12,"minecraft:melon_slice":30,"minecraft:oak_button":1,"minecraft:stone_slab":16,"minecraft:gravel":1,"minecraft:stone_axe":88,"minecraft:cobblestone":497,"minecraft:grindstone":1,"minecraft:bucket":7,"minecraft:yellow_bed":1,"minecraft:oak_boat":7,"minecraft:bone_meal":27,"minecraft:dandelion":1}},"DataVersion":3465}