{"stats":{"minecraft:dropped":{"minecraft:rotten_flesh":10},"minecraft:picked_up":{"minecraft:crafting_table":3,"minecraft:jungle_log":22,"minecraft:andesite":25,"minecraft:leather":4,"minecraft:oak_log":13,"minecraft:gunpowder":1,"minecraft:lapis_lazuli":142,"minecraft:dirt":30,"minecraft:raw_copper":7,"minecraft:bone":11,"minecraft:wheat_seeds":1,"minecraft:cobbled_deepslate":30,"minecraft:raw_gold":12,"minecraft:beef":5,"minecraft:furnace":1,"minecraft:raw_iron":93,"minecraft:torch":7,"minecraft:gravel":21,"minecraft:jungle_planks":5,"minecraft:diorite":15,"minecraft:rotten_flesh":10,"minecraft:arrow":8,"minecraft:granite":23,"minecraft:coal":18,"minecraft:cobblestone":373},"minecraft:mined":{"minecraft:crafting_table":3,"minecraft:torch":5,"minecraft:granite":23,"minecraft:grass_block":5,"minecraft:jungle_log":22,"minecraft:copper_ore":2,"minecraft:cobblestone":2,"minecraft:deepslate_gold_ore":6,"minecraft:lapis_ore":7,"minecraft:diorite":12,"minecraft:wall_torch":2,"minecraft:spawner":1,"minecraft:tall_seagrass":1,"minecraft:iron_ore":62,"minecraft:andesite":25,"minecraft:deepslate_lapis_ore":15,"minecraft:grass":4,"minecraft:coal_ore":18,"minecraft:oak_log":16,"minecraft:deepslate_iron_ore":31,"minecraft:vine":3,"minecraft:gravel":7,"minecraft:dirt":19,"minecraft:stone":362,"minecraft:gold_ore":6,"minecraft:oak_leaves":1,"minecraft:deepslate":30,"minecraft:fern":3},"minecraft:killed":{"minecraft:zombie_villager":1,"minecraft:bat":1,"minecraft:creeper":1,"minecraft:skeleton":5,"minecraft:zombie":12,"minecraft:cow":3},"minecraft:custom":{"minecraft:interact_with_furnace":26,"minecraft:mob_kills":25,"minecraft:interact_with_crafting_table":31,"minecraft:leave_game":2,"minecraft:time_since_death":54519,"minecraft:climb_one_cm":1322,"minecraft:time_since_rest":54519,"minecraft:sprint_one_cm":51162,"minecraft:damage_taken":330,"minecraft:walk_one_cm":178814,"minecraft:damage_blocked_by_shield":330,"minecraft:drop":1,"minecraft:damage_dealt":5344,"minecraft:talked_to_villager":1,"minecraft:swim_one_cm":25959,"minecraft:fly_one_cm":51923,"minecraft:player_kills":1,"minecraft:open_chest":6,"minecraft:crouch_one_cm":4428,"minecraft:play_time":54519,"minecraft:sneak_time":2555,"minecraft:walk_under_water_one_cm":3416,"minecraft:boat_one_cm":26333,"minecraft:jump":649,"minecraft:walk_on_water_one_cm":4933,"minecraft:total_world_time":54519,"minecraft:fall_one_cm":5897},"minecraft:used":{"minecraft:diorite":2,"minecraft:stone_pickaxe":568,"minecraft:chest":2,"minecraft:shield":11,"minecraft:wooden_pickaxe":12,"minecraft:jungle_boat":1,"minecraft:torch":20,"minecraft:dirt":16,"minecraft:crafting_table":8,"minecraft:wooden_axe":17,"minecraft:iron_axe":51,"minecraft:iron_pickaxe":47,"minecraft:stone_axe":70,"minecraft:cobblestone":55,"minecraft:furnace":3,"minecraft:cooked_beef":4,"minecraft:cobbled_deepslate":1},"minecraft:crafted":{"minecraft:cooked_beef":5,"minecraft:oak_planks":52,"minecraft:crafting_table":5,"minecraft:jungle_boat":1,"minecraft:wooden_pickaxe":1,"minecraft:iron_helmet":1,"minecraft:furnace":3,"minecraft:stone_axe":1,"minecraft:air":0,"minecraft:jungle_planks":44,"minecraft:iron_boots":1,"minecraft:iron_chestplate":1,"minecraft:charcoal":11,"minecraft:shield":1,"minecraft:iron_axe":1,"minecraft:stick":24,"minecraft:iron_ingot":39,"minecraft:iron_pickaxe":1,"minecraft:stone_pickaxe":5,"minecraft:wooden_axe":1,"minecraft:chest":2,"minecraft:iron_leggings":1,"minecraft:torch":16},"minecraft:broken":{"minecraft:stone_pickaxe":4}},"DataVersion":3465}