{"stats":{"minecraft:picked_up":{"minecraft:crafting_table":1,"minecraft:jungle_log":7,"minecraft:leather":4,"minecraft:oak_log":6,"minecraft:dirt":13,"minecraft:wheat_seeds":1,"minecraft:beef":5,"minecraft:cobblestone":35},"minecraft:mined":{"minecraft:crafting_table":1,"minecraft:grass":2,"minecraft:grass_block":4,"minecraft:oak_log":9,"minecraft:jungle_log":7,"minecraft:dirt":9,"minecraft:stone":35,"minecraft:fern":2},"minecraft:killed":{"minecraft:cow":3},"minecraft:custom":{"minecraft:time_since_rest":6519,"minecraft:sprint_one_cm":9682,"minecraft:damage_taken":154,"minecraft:walk_one_cm":16264,"minecraft:mob_kills":3,"minecraft:damage_dealt":518,"minecraft:player_kills":1,"minecraft:interact_with_crafting_table":5,"minecraft:fly_one_cm":10823,"minecraft:crouch_one_cm":287,"minecraft:play_time":6519,"minecraft:sneak_time":106,"minecraft:jump":94,"minecraft:leave_game":2,"minecraft:time_since_death":6519,"minecraft:walk_on_water_one_cm":436,"minecraft:total_world_time":6519,"minecraft:climb_one_cm":634,"minecraft:fall_one_cm":1045},"minecraft:used":{"minecraft:wooden_axe":17,"minecraft:stone_pickaxe":25,"minecraft:wooden_pickaxe":10,"minecraft:stone_axe":6,"minecraft:dirt":2,"minecraft:crafting_table":3},"minecraft:crafted":{"minecraft:oak_planks":24,"minecraft:crafting_table":2,"minecraft:stick":8,"minecraft:wooden_pickaxe":1,"minecraft:stone_pickaxe":1,"minecraft:wooden_axe":1,"minecraft:stone_axe":1}},"DataVersion":3465}