{"stats":{"minecraft:dropped":{"minecraft:rotten_flesh":10},"minecraft:picked_up":{"minecraft:crafting_table":3,"minecraft:jungle_log":22,"minecraft:andesite":5,"minecraft:leather":4,"minecraft:oak_log":13,"minecraft:lapis_lazuli":35,"minecraft:dirt":27,"minecraft:bone":8,"minecraft:wheat_seeds":1,"minecraft:cobbled_deepslate":26,"minecraft:beef":5,"minecraft:furnace":1,"minecraft:raw_iron":57,"minecraft:torch":6,"minecraft:gravel":17,"minecraft:jungle_planks":5,"minecraft:diorite":15,"minecraft:rotten_flesh":10,"minecraft:arrow":5,"minecraft:cobblestone":345},"minecraft:mined":{"minecraft:crafting_table":3,"minecraft:torch":4,"minecraft:grass_block":5,"minecraft:jungle_log":22,"minecraft:cobblestone":2,"minecraft:lapis_ore":6,"minecraft:diorite":12,"minecraft:wall_torch":2,"minecraft:spawner":1,"minecraft:tall_seagrass":1,"minecraft:iron_ore":49,"minecraft:andesite":5,"minecraft:grass":4,"minecraft:oak_log":16,"minecraft:deepslate_iron_ore":8,"minecraft:vine":3,"minecraft:gravel":4,"minecraft:dirt":16,"minecraft:stone":341,"minecraft:oak_leaves":1,"minecraft:deepslate":26,"minecraft:fern":3},"minecraft:killed":{"minecraft:zombie_villager":1,"minecraft:bat":1,"minecraft:skeleton":3,"minecraft:zombie":11,"minecraft:cow":3},"minecraft:custom":{"minecraft:interact_with_furnace":26,"minecraft:mob_kills":20,"minecraft:interact_with_crafting_table":29,"minecraft:leave_game":2,"minecraft:time_since_death":42519,"minecraft:climb_one_cm":1322,"minecraft:time_since_rest":42519,"minecraft:sprint_one_cm":45996,"minecraft:damage_taken":283,"minecraft:walk_one_cm":120069,"minecraft:damage_blocked_by_shield":185,"minecraft:drop":1,"minecraft:damage_dealt":4272,"minecraft:talked_to_villager":1,"minecraft:swim_one_cm":25959,"minecraft:fly_one_cm":46398,"minecraft:player_kills":1,"minecraft:open_chest":6,"minecraft:crouch_one_cm":2636,"minecraft:play_time":42519,"minecraft:sneak_time":1782,"minecraft:walk_under_water_one_cm":3416,"minecraft:boat_one_cm":26333,"minecraft:jump":494,"minecraft:walk_on_water_one_cm":4754,"minecraft:total_world_time":42519,"minecraft:fall_one_cm":4043},"minecraft:used":{"minecraft:diorite":2,"minecraft:stone_pickaxe":455,"minecraft:chest":2,"minecraft:shield":6,"minecraft:wooden_pickaxe":12,"minecraft:jungle_boat":1,"minecraft:torch":13,"minecraft:dirt":16,"minecraft:crafting_table":7,"minecraft:wooden_axe":17,"minecraft:iron_axe":34,"minecraft:stone_axe":70,"minecraft:cobblestone":28,"minecraft:furnace":3,"minecraft:cooked_beef":4,"minecraft:cobbled_deepslate":1},"minecraft:crafted":{"minecraft:cooked_beef":5,"minecraft:oak_planks":52,"minecraft:crafting_table":4,"minecraft:jungle_boat":1,"minecraft:wooden_pickaxe":1,"minecraft:iron_helmet":1,"minecraft:furnace":3,"minecraft:stone_axe":1,"minecraft:air":0,"minecraft:jungle_planks":44,"minecraft:iron_boots":1,"minecraft:iron_chestplate":1,"minecraft:charcoal":11,"minecraft:shield":1,"minecraft:iron_axe":1,"minecraft:stick":24,"minecraft:iron_ingot":39,"minecraft:iron_pickaxe":1,"minecraft:stone_pickaxe":5,"minecraft:wooden_axe":1,"minecraft:chest":2,"minecraft:iron_leggings":1,"minecraft:torch":8},"minecraft:broken":{"minecraft:stone_pickaxe":3}},"DataVersion":3465}