{"stats":{"minecraft:killed":{"minecraft:spider":5,"minecraft:phantom":2,"minecraft:skeleton":21,"minecraft:magma_cube":2,"minecraft:piglin":2,"minecraft:zombie_villager":1,"minecraft:iron_golem":3,"minecraft:bat":1,"minecraft:wandering_trader":1,"minecraft:creeper":5,"minecraft:sheep":8,"minecraft:trader_llama":1,"minecraft:zombie":67,"minecraft:wither_skeleton":3,"minecraft:villager":2,"minecraft:blaze":12,"minecraft:enderman":1,"minecraft:cow":9},"minecraft:dropped":{"minecraft:iron_ingot":37,"minecraft:bread":32,"minecraft:iron_sword":4,"minecraft:oak_slab":1,"minecraft:wheat_seeds":44,"minecraft:diamond":1,"minecraft:iron_helmet":13,"minecraft:cobblestone":6,"minecraft:lead":1,"minecraft:leather":1,"minecraft:apple":3,"minecraft:coal":26,"minecraft:emerald":81,"minecraft:torch":14,"minecraft:iron_leggings":1,"minecraft:phantom_membrane":2,"minecraft:chainmail_leggings":12,"minecraft:string":9132,"minecraft:bone":6,"minecraft:raw_iron":7,"minecraft:rotten_flesh":18,"minecraft:iron_boots":1,"minecraft:oak_planks":2,"minecraft:carrot":45,"minecraft:chainmail_chestplate":2,"minecraft:poppy":3,"minecraft:cobblestone_slab":8,"minecraft:iron_chestplate":13,"minecraft:cod_bucket":4,"minecraft:arrow":1,"minecraft:beef":2},"minecraft:crafted":{"minecraft:smooth_stone":3,"minecraft:oak_planks":304,"minecraft:cobblestone_slab":132,"minecraft:barrel":5,"minecraft:tripwire_hook":2,"minecraft:furnace":3,"minecraft:blast_furnace":1,"minecraft:stone":33,"minecraft:bone_meal":27,"minecraft:lever":1,"minecraft:white_carpet":6,"minecraft:flint_and_steel":1,"minecraft:cooked_mutton":12,"minecraft:oak_trapdoor":8,"minecraft:glass":64,"minecraft:hopper":6,"minecraft:diamond_helmet":1,"minecraft:diamond_leggings":1,"minecraft:iron_boots":1,"minecraft:iron_axe":3,"minecraft:stone_pickaxe":5,"minecraft:chest":30,"minecraft:diamond_boots":2,"minecraft:oak_button":1,"minecraft:cod_bucket":5,"minecraft:rail":96,"minecraft:chainmail_leggings":12,"minecraft:minecart":2,"minecraft:cooked_beef":14,"minecraft:oak_slab":12,"minecraft:emerald":926,"minecraft:crafting_table":10,"minecraft:jungle_boat":2,"minecraft:iron_helmet":9,"minecraft:wooden_pickaxe":1,"minecraft:baked_potato":3,"minecraft:iron_sword":16,"minecraft:chainmail_chestplate":2,"minecraft:bucket":1,"minecraft:campfire":3,"minecraft:stone_axe":1,"minecraft:jungle_slab":6,"minecraft:bread":40,"minecraft:air":0,"minecraft:jungle_planks":120,"minecraft:oak_boat":2,"minecraft:iron_chestplate":13,"minecraft:charcoal":16,"minecraft:shield":1,"minecraft:stick":44,"minecraft:stone_slab":30,"minecraft:iron_ingot":142,"minecraft:iron_pickaxe":4,"minecraft:wooden_axe":1,"minecraft:iron_shovel":2,"minecraft:iron_leggings":1,"minecraft:white_bed":1,"minecraft:torch":40,"minecraft:shears":1,"minecraft:diamond_chestplate":1},"minecraft:custom":{"minecraft:mob_kills":150,"minecraft:animals_bred":4,"minecraft:inspect_hopper":10,"minecraft:interact_with_crafting_table":114,"minecraft:open_barrel":29,"minecraft:bell_ring":69,"minecraft:interact_with_campfire":6,"minecraft:leave_game":5,"minecraft:time_since_death":551023,"minecraft:climb_one_cm":5164,"minecraft:sprint_one_cm":1041253,"minecraft:walk_one_cm":1657987,"minecraft:damage_blocked_by_shield":1500,"minecraft:drop":298,"minecraft:talked_to_villager":318,"minecraft:play_time":551023,"minecraft:sneak_time":21164,"minecraft:walk_under_water_one_cm":26745,"minecraft:boat_one_cm":50083,"minecraft:jump":7935,"minecraft:walk_on_water_one_cm":105714,"minecraft:total_world_time":551023,"minecraft:interact_with_furnace":65,"minecraft:traded_with_villager":989,"minecraft:interact_with_grindstone":1,"minecraft:sleep_in_bed":9,"minecraft:time_since_rest":71694,"minecraft:damage_taken":3302,"minecraft:damage_dealt":28331,"minecraft:minecart_one_cm":1343,"minecraft:player_kills":1,"minecraft:swim_one_cm":85299,"minecraft:fly_one_cm":1486254,"minecraft:open_chest":205,"minecraft:crouch_one_cm":74841,"minecraft:fall_one_cm":137644},"minecraft:mined":{"minecraft:nether_gold_ore":1,"minecraft:tuff":1,"minecraft:white_bed":4,"minecraft:oak_sapling":4,"minecraft:deepslate_diamond_ore":3,"minecraft:jungle_leaves":12,"minecraft:nether_bricks":16,"minecraft:lever":1,"minecraft:granite":24,"minecraft:grass_block":248,"minecraft:jungle_planks":65,"minecraft:jungle_log":119,"minecraft:hopper":2,"minecraft:spawner":1,"minecraft:tall_seagrass":1,"minecraft:oak_trapdoor":1,"minecraft:carrots":17,"minecraft:iron_ore":85,"minecraft:barrel":26,"minecraft:fire":9,"minecraft:andesite":26,"minecraft:deepslate_lapis_ore":18,"minecraft:potatoes":2,"minecraft:dirt_path":10,"minecraft:vine":22,"minecraft:deepslate_iron_ore":66,"minecraft:cobblestone_slab":109,"minecraft:rail":142,"minecraft:oak_stairs":2,"minecraft:stripped_jungle_log":1,"minecraft:stone":749,"minecraft:tripwire":18,"minecraft:blackstone":1,"minecraft:basalt":10,"minecraft:oak_fence":3,"minecraft:crafting_table":3,"minecraft:torch":16,"minecraft:blast_furnace":4,"minecraft:melon":6,"minecraft:chest":4,"minecraft:copper_ore":2,"minecraft:campfire":3,"minecraft:stone_slab":14,"minecraft:tall_grass":18,"minecraft:cobblestone":107,"minecraft:deepslate_gold_ore":29,"minecraft:lapis_ore":7,"minecraft:grindstone":1,"minecraft:oak_planks":7,"minecraft:wall_torch":4,"minecraft:diorite":12,"minecraft:wheat":88,"minecraft:yellow_bed":2,"minecraft:grass":171,"minecraft:coal_ore":47,"minecraft:oak_log":94,"minecraft:cocoa":1,"minecraft:gravel":12,"minecraft:sand":73,"minecraft:dirt":259,"minecraft:tripwire_hook":5,"minecraft:oak_button":1,"minecraft:netherrack":120,"minecraft:gold_ore":19,"minecraft:deepslate":101,"minecraft:oak_leaves":42,"minecraft:fern":7},"minecraft:broken":{"minecraft:iron_shovel":1,"minecraft:stone_pickaxe":5,"minecraft:iron_axe":2,"minecraft:stone_axe":1,"minecraft:iron_pickaxe":3},"minecraft:picked_up":{"minecraft:charcoal":6,"minecraft:cocoa_beans":21,"minecraft:crafting_table":3,"minecraft:wheat":149,"minecraft:lead":1,"minecraft:stone_slab":13,"minecraft:oak_stairs":2,"minecraft:cod_bucket":4,"minecraft:string":15928,"minecraft:oak_trapdoor":1,"minecraft:raw_copper":7,"minecraft:blackstone":1,"minecraft:gold_nugget":6,"minecraft:cobbled_deepslate":134,"minecraft:beef":16,"minecraft:oak_boat":9,"minecraft:cobblestone_slab":121,"minecraft:jungle_sapling":3,"minecraft:poppy":12,"minecraft:minecart":25,"minecraft:melon_slice":30,"minecraft:chest":4,"minecraft:phantom_membrane":2,"minecraft:furnace":1,"minecraft:egg":1,"minecraft:raw_iron":149,"minecraft:stick":19,"minecraft:oak_fence":18,"minecraft:torch":20,"minecraft:diorite":15,"minecraft:carrot":79,"minecraft:arrow":23,"minecraft:rotten_flesh":65,"minecraft:nether_bricks":17,"minecraft:saddle":1,"minecraft:gold_ingot":1,"minecraft:blaze_rod":5,"minecraft:mutton":12,"minecraft:rail":146,"minecraft:white_wool":7,"minecraft:cobblestone":878,"minecraft:jungle_boat":6,"minecraft:cooked_beef":6,"minecraft:basalt":11,"minecraft:andesite":28,"minecraft:tripwire_hook":5,"minecraft:jungle_log":118,"minecraft:leather":17,"minecraft:potato":9,"minecraft:flint":1,"minecraft:tuff":16,"minecraft:oak_log":90,"minecraft:yellow_bed":2,"minecraft:gunpowder":5,"minecraft:lapis_lazuli":163,"minecraft:dirt":556,"minecraft:bone":40,"minecraft:apple":3,"minecraft:bow":2,"minecraft:wheat_seeds":260,"minecraft:raw_gold":48,"minecraft:iron_ingot":42,"minecraft:grindstone":1,"minecraft:stone_pickaxe":1,"minecraft:iron_sword":1,"minecraft:oak_planks":8,"minecraft:dandelion":2,"minecraft:gravel":27,"minecraft:sand":73,"minecraft:jungle_planks":81,"minecraft:blast_furnace":4,"minecraft:white_bed":4,"minecraft:grass_block":1,"minecraft:spider_eye":1,"minecraft:barrel":25,"minecraft:stripped_jungle_log":1,"minecraft:diamond":5,"minecraft:lever":2,"minecraft:iron_helmet":4,"minecraft:granite":27,"minecraft:gray_wool":1,"minecraft:bread":19,"minecraft:emerald":115,"minecraft:oak_button":1,"minecraft:oak_sapling":20,"minecraft:netherrack":128,"minecraft:coal":48,"minecraft:hopper":1},"minecraft:used":{"minecraft:oak_fence":3,"minecraft:oak_trapdoor":7,"minecraft:iron_shovel":413,"minecraft:flint_and_steel":1,"minecraft:poppy":2,"minecraft:chest":28,"minecraft:shield":54,"minecraft:stone":2,"minecraft:iron_sword":312,"minecraft:rotten_flesh":34,"minecraft:netherrack":104,"minecraft:dirt":536,"minecraft:torch":45,"minecraft:white_carpet":4,"minecraft:hopper":8,"minecraft:jungle_planks":85,"minecraft:carrot":34,"minecraft:cod_bucket":4,"minecraft:glass":21,"minecraft:wooden_axe":17,"minecraft:iron_axe":526,"minecraft:jungle_log":13,"minecraft:barrel":30,"minecraft:tripwire_hook":7,"minecraft:oak_sapling":7,"minecraft:furnace":3,"minecraft:minecart":25,"minecraft:cooked_beef":14,"minecraft:cobbled_deepslate":61,"minecraft:wheat_seeds":115,"minecraft:cooked_mutton":12,"minecraft:water_bucket":6,"minecraft:diorite":2,"minecraft:stone_pickaxe":708,"minecraft:baked_potato":3,"minecraft:oak_planks":13,"minecraft:wooden_pickaxe":12,"minecraft:cobblestone_slab":205,"minecraft:jungle_boat":7,"minecraft:oak_slab":1,"minecraft:sand":8,"minecraft:rail":211,"minecraft:blast_furnace":5,"minecraft:crafting_table":13,"minecraft:white_bed":5,"minecraft:campfire":3,"minecraft:shears":40,"minecraft:oak_log":3,"minecraft:lever":3,"minecraft:iron_pickaxe":999,"minecraft:melon_slice":30,"minecraft:string":64,"minecraft:oak_button":1,"minecraft:bread":30,"minecraft:stone_slab":41,"minecraft:gravel":6,"minecraft:stone_axe":88,"minecraft:cobblestone":518,"minecraft:dandelion":1,"minecraft:grindstone":1,"minecraft:oak_boat":10,"minecraft:bone_meal":27,"minecraft:bucket":7,"minecraft:yellow_bed":1}},"DataVersion":3465}