{"stats":{"minecraft:killed":{"minecraft:spider":5,"minecraft:skeleton":21,"minecraft:magma_cube":2,"minecraft:piglin":2,"minecraft:zombie_villager":1,"minecraft:iron_golem":3,"minecraft:creeper":5,"minecraft:sheep":8,"minecraft:trader_llama":1,"minecraft:zombie":72,"minecraft:cow":9,"minecraft:blaze":12,"minecraft:phantom":2,"minecraft:drowned":1,"minecraft:bat":1,"minecraft:wandering_trader":1,"minecraft:wither_skeleton":3,"minecraft:villager":2,"minecraft:enderman":1},"minecraft:dropped":{"minecraft:iron_sword":4,"minecraft:diamond":1,"minecraft:leather":1,"minecraft:rail":17,"minecraft:emerald":81,"minecraft:phantom_membrane":2,"minecraft:bone":6,"minecraft:rotten_flesh":18,"minecraft:oak_planks":2,"minecraft:carrot":45,"minecraft:chainmail_chestplate":2,"minecraft:poppy":3,"minecraft:cod_bucket":4,"minecraft:arrow":1,"minecraft:beef":2,"minecraft:iron_ingot":37,"minecraft:bread":32,"minecraft:oak_slab":1,"minecraft:wheat_seeds":44,"minecraft:lead":1,"minecraft:iron_helmet":13,"minecraft:cobblestone":6,"minecraft:apple":3,"minecraft:coal":26,"minecraft:torch":14,"minecraft:iron_leggings":1,"minecraft:chainmail_leggings":12,"minecraft:string":9874,"minecraft:raw_iron":7,"minecraft:iron_boots":1,"minecraft:cobblestone_slab":8,"minecraft:iron_chestplate":13},"minecraft:crafted":{"minecraft:oak_planks":304,"minecraft:smooth_stone":3,"minecraft:cobblestone_slab":132,"minecraft:barrel":5,"minecraft:stone":33,"minecraft:lever":1,"minecraft:cooked_mutton":12,"minecraft:glass":64,"minecraft:hopper":6,"minecraft:diamond_helmet":1,"minecraft:diamond_leggings":1,"minecraft:iron_boots":1,"minecraft:chest":30,"minecraft:oak_button":1,"minecraft:cod_bucket":5,"minecraft:rail":96,"minecraft:oak_slab":12,"minecraft:emerald":990,"minecraft:crafting_table":10,"minecraft:jungle_boat":2,"minecraft:wooden_pickaxe":1,"minecraft:baked_potato":3,"minecraft:iron_helmet":9,"minecraft:chainmail_chestplate":2,"minecraft:campfire":3,"minecraft:iron_chestplate":13,"minecraft:charcoal":16,"minecraft:shield":1,"minecraft:stick":44,"minecraft:stone_slab":30,"minecraft:iron_pickaxe":4,"minecraft:iron_ingot":142,"minecraft:shears":1,"minecraft:tripwire_hook":2,"minecraft:furnace":3,"minecraft:blast_furnace":1,"minecraft:bone_meal":27,"minecraft:white_carpet":6,"minecraft:oak_trapdoor":8,"minecraft:flint_and_steel":1,"minecraft:iron_axe":3,"minecraft:stone_pickaxe":5,"minecraft:diamond_boots":2,"minecraft:chainmail_leggings":12,"minecraft:minecart":2,"minecraft:cooked_beef":14,"minecraft:iron_sword":16,"minecraft:bucket":1,"minecraft:stone_axe":1,"minecraft:jungle_slab":6,"minecraft:bread":47,"minecraft:air":0,"minecraft:jungle_planks":120,"minecraft:oak_boat":2,"minecraft:wooden_axe":1,"minecraft:iron_shovel":2,"minecraft:iron_leggings":1,"minecraft:white_bed":1,"minecraft:torch":40,"minecraft:diamond_chestplate":1},"minecraft:custom":{"minecraft:animals_bred":4,"minecraft:interact_with_crafting_table":116,"minecraft:open_barrel":34,"minecraft:bell_ring":69,"minecraft:leave_game":5,"minecraft:time_since_death":51994,"minecraft:sprint_one_cm":1097379,"minecraft:damage_blocked_by_shield":1500,"minecraft:drop":312,"minecraft:talked_to_villager":329,"minecraft:play_time":605023,"minecraft:deaths":1,"minecraft:jump":8423,"minecraft:walk_on_water_one_cm":109915,"minecraft:interact_with_furnace":70,"minecraft:traded_with_villager":1053,"minecraft:sleep_in_bed":11,"minecraft:damage_dealt":29278,"minecraft:player_kills":1,"minecraft:crouch_one_cm":84917,"minecraft:mob_kills":156,"minecraft:inspect_hopper":10,"minecraft:interact_with_campfire":6,"minecraft:climb_one_cm":5164,"minecraft:walk_one_cm":1729562,"minecraft:sneak_time":23809,"minecraft:walk_under_water_one_cm":35264,"minecraft:boat_one_cm":57951,"minecraft:total_world_time":605023,"minecraft:interact_with_grindstone":1,"minecraft:time_since_rest":1065,"minecraft:damage_taken":3778,"minecraft:minecart_one_cm":1343,"minecraft:swim_one_cm":94109,"minecraft:fly_one_cm":1582044,"minecraft:open_chest":211,"minecraft:fall_one_cm":147831},"minecraft:mined":{"minecraft:white_bed":4,"minecraft:oak_sapling":4,"minecraft:jungle_leaves":12,"minecraft:granite":24,"minecraft:grass_block":250,"minecraft:jungle_log":119,"minecraft:hopper":2,"minecraft:spawner":1,"minecraft:tall_seagrass":1,"minecraft:iron_ore":85,"minecraft:fire":9,"minecraft:barrel":26,"minecraft:deepslate_lapis_ore":18,"minecraft:dirt_path":10,"minecraft:oak_stairs":2,"minecraft:tripwire":18,"minecraft:blackstone":1,"minecraft:torch":16,"minecraft:blast_furnace":4,"minecraft:melon":6,"minecraft:chest":4,"minecraft:glass":2,"minecraft:cobblestone":107,"minecraft:grindstone":1,"minecraft:oak_planks":7,"minecraft:wall_torch":4,"minecraft:wheat":111,"minecraft:grass":171,"minecraft:oak_log":94,"minecraft:sand":76,"minecraft:dirt":261,"minecraft:tripwire_hook":5,"minecraft:netherrack":121,"minecraft:oak_leaves":42,"minecraft:deepslate":101,"minecraft:nether_gold_ore":1,"minecraft:tuff":1,"minecraft:deepslate_diamond_ore":3,"minecraft:lever":1,"minecraft:nether_bricks":16,"minecraft:jungle_planks":71,"minecraft:oak_trapdoor":1,"minecraft:carrots":17,"minecraft:andesite":26,"minecraft:cobblestone_slab":109,"minecraft:potatoes":2,"minecraft:deepslate_iron_ore":66,"minecraft:vine":22,"minecraft:rail":147,"minecraft:stripped_jungle_log":1,"minecraft:stone":749,"minecraft:basalt":10,"minecraft:oak_fence":3,"minecraft:crafting_table":3,"minecraft:campfire":3,"minecraft:stone_slab":14,"minecraft:tall_grass":18,"minecraft:copper_ore":2,"minecraft:lapis_ore":7,"minecraft:deepslate_gold_ore":29,"minecraft:diorite":12,"minecraft:yellow_bed":2,"minecraft:coal_ore":47,"minecraft:cocoa":1,"minecraft:gravel":12,"minecraft:oak_button":1,"minecraft:gold_ore":19,"minecraft:fern":7},"minecraft:broken":{"minecraft:iron_shovel":1,"minecraft:stone_pickaxe":5,"minecraft:stone_axe":1,"minecraft:iron_axe":2,"minecraft:iron_pickaxe":4},"minecraft:used":{"minecraft:iron_shovel":413,"minecraft:poppy":2,"minecraft:chest":28,"minecraft:shield":54,"minecraft:stone":2,"minecraft:iron_sword":334,"minecraft:rotten_flesh":42,"minecraft:jungle_planks":91,"minecraft:carrot":34,"minecraft:glass":21,"minecraft:furnace":3,"minecraft:oak_sapling":7,"minecraft:diorite":2,"minecraft:stone_pickaxe":708,"minecraft:oak_planks":13,"minecraft:wooden_pickaxe":12,"minecraft:jungle_boat":9,"minecraft:sand":8,"minecraft:blast_furnace":5,"minecraft:shears":40,"minecraft:lever":3,"minecraft:bread":33,"minecraft:melon_slice":30,"minecraft:string":64,"minecraft:gravel":6,"minecraft:grindstone":1,"minecraft:oak_boat":10,"minecraft:bone_meal":27,"minecraft:oak_trapdoor":7,"minecraft:oak_fence":3,"minecraft:flint_and_steel":1,"minecraft:netherrack":129,"minecraft:torch":45,"minecraft:dirt":540,"minecraft:white_carpet":4,"minecraft:hopper":8,"minecraft:cod_bucket":4,"minecraft:wooden_axe":17,"minecraft:iron_axe":528,"minecraft:jungle_log":13,"minecraft:barrel":30,"minecraft:diamond_chestplate":1,"minecraft:tripwire_hook":7,"minecraft:minecart":28,"minecraft:cooked_beef":14,"minecraft:cobbled_deepslate":61,"minecraft:wheat_seeds":139,"minecraft:cooked_mutton":12,"minecraft:water_bucket":6,"minecraft:baked_potato":3,"minecraft:cobblestone_slab":205,"minecraft:rail":214,"minecraft:oak_slab":1,"minecraft:crafting_table":13,"minecraft:campfire":3,"minecraft:white_bed":5,"minecraft:oak_log":3,"minecraft:oak_button":1,"minecraft:iron_pickaxe":1003,"minecraft:stone_slab":41,"minecraft:stone_axe":88,"minecraft:cobblestone":518,"minecraft:bucket":7,"minecraft:yellow_bed":1,"minecraft:dandelion":1},"minecraft:picked_up":{"minecraft:wheat":171,"minecraft:stone_slab":13,"minecraft:lead":1,"minecraft:oak_stairs":3,"minecraft:cod_bucket":4,"minecraft:string":18941,"minecraft:raw_copper":7,"minecraft:diamond_leggings":1,"minecraft:gold_nugget":12,"minecraft:cobbled_deepslate":134,"minecraft:cobblestone_slab":121,"minecraft:iron_pickaxe":1,"minecraft:enchanted_golden_apple":1,"minecraft:melon_slice":30,"minecraft:furnace":1,"minecraft:stick":19,"minecraft:oak_fence":18,"minecraft:torch":20,"minecraft:diorite":15,"minecraft:rotten_flesh":74,"minecraft:blaze_rod":5,"minecraft:obsidian":6,"minecraft:cobblestone":878,"minecraft:cooked_beef":6,"minecraft:jungle_log":118,"minecraft:andesite":28,"minecraft:potato":9,"minecraft:flint":1,"minecraft:tuff":16,"minecraft:dirt":560,"minecraft:lapis_lazuli":163,"minecraft:bone":40,"minecraft:bow":2,"minecraft:wheat_seeds":321,"minecraft:raw_gold":48,"minecraft:grindstone":1,"minecraft:diamond_helmet":1,"minecraft:oak_planks":8,"minecraft:jungle_planks":87,"minecraft:sand":76,"minecraft:grass_block":1,"minecraft:barrel":25,"minecraft:diamond":9,"minecraft:lever":2,"minecraft:granite":27,"minecraft:emerald":115,"minecraft:bread":19,"minecraft:oak_sapling":20,"minecraft:netherrack":154,"minecraft:cocoa_beans":21,"minecraft:charcoal":6,"minecraft:crafting_table":3,"minecraft:shield":1,"minecraft:oak_trapdoor":1,"minecraft:iron_axe":1,"minecraft:flint_and_steel":1,"minecraft:iron_shovel":1,"minecraft:blackstone":2,"minecraft:beef":16,"minecraft:oak_boat":9,"minecraft:jungle_sapling":3,"minecraft:poppy":12,"minecraft:minecart":27,"minecraft:chest":4,"minecraft:egg":1,"minecraft:phantom_membrane":2,"minecraft:raw_iron":149,"minecraft:carrot":79,"minecraft:arrow":23,"minecraft:diamond_chestplate":1,"minecraft:nether_bricks":34,"minecraft:diamond_boots":1,"minecraft:saddle":1,"minecraft:gold_ingot":1,"minecraft:mutton":12,"minecraft:white_wool":7,"minecraft:rail":152,"minecraft:jungle_boat":7,"minecraft:basalt":11,"minecraft:tripwire_hook":5,"minecraft:leather":17,"minecraft:oak_log":90,"minecraft:yellow_bed":2,"minecraft:gunpowder":5,"minecraft:apple":3,"minecraft:iron_ingot":42,"minecraft:stone_pickaxe":1,"minecraft:iron_sword":2,"minecraft:dandelion":2,"minecraft:gravel":27,"minecraft:blast_furnace":4,"minecraft:white_bed":4,"minecraft:spider_eye":1,"minecraft:stripped_jungle_log":1,"minecraft:iron_helmet":4,"minecraft:gray_wool":1,"minecraft:oak_button":1,"minecraft:coal":49,"minecraft:hopper":1}},"DataVersion":3465}