{"stats":{"minecraft:crafted":{"minecraft:smooth_stone":3,"minecraft:oak_planks":188,"minecraft:cobblestone_slab":54,"minecraft:barrel":4,"minecraft:tripwire_hook":2,"minecraft:furnace":3,"minecraft:blast_furnace":1,"minecraft:stone":3,"minecraft:lever":1,"minecraft:cooked_mutton":8,"minecraft:oak_trapdoor":2,"minecraft:hopper":1,"minecraft:iron_boots":1,"minecraft:iron_axe":2,"minecraft:stone_pickaxe":5,"minecraft:chest":13,"minecraft:oak_button":1,"minecraft:cod_bucket":5,"minecraft:rail":64,"minecraft:minecart":1,"minecraft:cooked_beef":8,"minecraft:oak_slab":12,"minecraft:emerald":228,"minecraft:crafting_table":9,"minecraft:jungle_boat":1,"minecraft:wooden_pickaxe":1,"minecraft:iron_helmet":1,"minecraft:bucket":1,"minecraft:stone_axe":1,"minecraft:bread":21,"minecraft:air":0,"minecraft:jungle_planks":48,"minecraft:oak_boat":2,"minecraft:iron_chestplate":1,"minecraft:charcoal":11,"minecraft:shield":1,"minecraft:stick":36,"minecraft:iron_ingot":142,"minecraft:iron_pickaxe":2,"minecraft:wooden_axe":1,"minecraft:iron_shovel":1,"minecraft:iron_leggings":1,"minecraft:white_bed":1,"minecraft:torch":40,"minecraft:shears":1},"minecraft:killed":{"minecraft:spider":3,"minecraft:skeleton":10,"minecraft:zombie_villager":1,"minecraft:bat":1,"minecraft:creeper":4,"minecraft:sheep":6,"minecraft:zombie":23,"minecraft:villager":1,"minecraft:cow":5,"minecraft:enderman":1},"minecraft:mined":{"minecraft:tuff":1,"minecraft:oak_sapling":4,"minecraft:deepslate_diamond_ore":1,"minecraft:lever":1,"minecraft:granite":24,"minecraft:grass_block":155,"minecraft:jungle_planks":7,"minecraft:jungle_log":23,"minecraft:spawner":1,"minecraft:tall_seagrass":1,"minecraft:iron_ore":85,"minecraft:barrel":23,"minecraft:andesite":26,"minecraft:deepslate_lapis_ore":18,"minecraft:vine":3,"minecraft:deepslate_iron_ore":66,"minecraft:cobblestone_slab":76,"minecraft:dirt_path":10,"minecraft:rail":34,"minecraft:stone":571,"minecraft:tripwire":17,"minecraft:crafting_table":3,"minecraft:torch":13,"minecraft:blast_furnace":2,"minecraft:melon":6,"minecraft:chest":4,"minecraft:tall_grass":16,"minecraft:copper_ore":2,"minecraft:cobblestone":74,"minecraft:lapis_ore":7,"minecraft:deepslate_gold_ore":29,"minecraft:oak_planks":2,"minecraft:diorite":12,"minecraft:wall_torch":4,"minecraft:wheat":9,"minecraft:yellow_bed":2,"minecraft:grass":167,"minecraft:oak_log":50,"minecraft:coal_ore":47,"minecraft:gravel":7,"minecraft:dirt":235,"minecraft:tripwire_hook":5,"minecraft:oak_button":1,"minecraft:gold_ore":19,"minecraft:oak_leaves":9,"minecraft:deepslate":101,"minecraft:fern":5},"minecraft:dropped":{"minecraft:bread":6,"minecraft:diamond":1,"minecraft:cobblestone":6,"minecraft:leather":1,"minecraft:apple":3,"minecraft:torch":14,"minecraft:string":3597,"minecraft:bone":6,"minecraft:raw_iron":7,"minecraft:rotten_flesh":17,"minecraft:oak_planks":1,"minecraft:cobblestone_slab":7,"minecraft:cod_bucket":4,"minecraft:arrow":1,"minecraft:beef":2},"minecraft:broken":{"minecraft:iron_shovel":1,"minecraft:stone_pickaxe":5,"minecraft:iron_axe":1,"minecraft:stone_axe":1,"minecraft:iron_pickaxe":2},"minecraft:picked_up":{"minecraft:crafting_table":3,"minecraft:wheat":73,"minecraft:cod_bucket":4,"minecraft:string":7189,"minecraft:raw_copper":7,"minecraft:cobbled_deepslate":134,"minecraft:beef":10,"minecraft:oak_boat":6,"minecraft:cobblestone_slab":88,"minecraft:poppy":7,"minecraft:minecart":11,"minecraft:melon_slice":30,"minecraft:chest":4,"minecraft:furnace":1,"minecraft:egg":1,"minecraft:stick":12,"minecraft:raw_iron":149,"minecraft:oak_fence":16,"minecraft:torch":17,"minecraft:diorite":15,"minecraft:rotten_flesh":24,"minecraft:arrow":13,"minecraft:saddle":1,"minecraft:gold_ingot":1,"minecraft:mutton":8,"minecraft:rail":35,"minecraft:white_wool":5,"minecraft:cobblestone":667,"minecraft:tripwire_hook":5,"minecraft:andesite":28,"minecraft:jungle_log":23,"minecraft:leather":13,"minecraft:tuff":16,"minecraft:oak_log":47,"minecraft:yellow_bed":2,"minecraft:gunpowder":2,"minecraft:lapis_lazuli":163,"minecraft:dirt":447,"minecraft:bone":19,"minecraft:apple":3,"minecraft:bow":1,"minecraft:wheat_seeds":52,"minecraft:raw_gold":48,"minecraft:stone_pickaxe":1,"minecraft:iron_ingot":27,"minecraft:oak_planks":2,"minecraft:dandelion":2,"minecraft:gravel":23,"minecraft:jungle_planks":15,"minecraft:blast_furnace":2,"minecraft:barrel":22,"minecraft:diamond":3,"minecraft:lever":2,"minecraft:granite":27,"minecraft:gray_wool":1,"minecraft:oak_button":1,"minecraft:oak_sapling":17,"minecraft:coal":47},"minecraft:custom":{"minecraft:mob_kills":57,"minecraft:animals_bred":4,"minecraft:inspect_hopper":5,"minecraft:interact_with_crafting_table":78,"minecraft:open_barrel":13,"minecraft:bell_ring":69,"minecraft:leave_game":4,"minecraft:time_since_death":267430,"minecraft:climb_one_cm":1678,"minecraft:sprint_one_cm":350617,"minecraft:walk_one_cm":922059,"minecraft:damage_blocked_by_shield":430,"minecraft:drop":102,"minecraft:talked_to_villager":112,"minecraft:play_time":267430,"minecraft:sneak_time":9212,"minecraft:walk_under_water_one_cm":12482,"minecraft:boat_one_cm":32570,"minecraft:jump":3305,"minecraft:walk_on_water_one_cm":70296,"minecraft:total_world_time":267430,"minecraft:interact_with_furnace":42,"minecraft:traded_with_villager":233,"minecraft:interact_with_grindstone":1,"minecraft:sleep_in_bed":3,"minecraft:time_since_rest":55263,"minecraft:damage_taken":1130,"minecraft:minecart_one_cm":1268,"minecraft:damage_dealt":11278,"minecraft:player_kills":1,"minecraft:swim_one_cm":33225,"minecraft:fly_one_cm":485298,"minecraft:open_chest":70,"minecraft:crouch_one_cm":32204,"minecraft:fall_one_cm":51892},"minecraft:used":{"minecraft:oak_trapdoor":2,"minecraft:iron_shovel":250,"minecraft:chest":16,"minecraft:shield":17,"minecraft:torch":43,"minecraft:dirt":431,"minecraft:hopper":1,"minecraft:cod_bucket":4,"minecraft:wooden_axe":17,"minecraft:iron_axe":216,"minecraft:barrel":25,"minecraft:tripwire_hook":7,"minecraft:oak_sapling":7,"minecraft:furnace":3,"minecraft:minecart":11,"minecraft:cooked_beef":8,"minecraft:cobbled_deepslate":61,"minecraft:wheat_seeds":20,"minecraft:cooked_mutton":8,"minecraft:water_bucket":6,"minecraft:diorite":2,"minecraft:stone_pickaxe":708,"minecraft:oak_planks":2,"minecraft:wooden_pickaxe":12,"minecraft:cobblestone_slab":126,"minecraft:jungle_boat":1,"minecraft:rail":89,"minecraft:oak_slab":1,"minecraft:crafting_table":12,"minecraft:blast_furnace":2,"minecraft:white_bed":1,"minecraft:shears":37,"minecraft:lever":3,"minecraft:string":61,"minecraft:iron_pickaxe":503,"minecraft:bread":3,"minecraft:melon_slice":26,"minecraft:oak_button":1,"minecraft:gravel":1,"minecraft:stone_axe":88,"minecraft:cobblestone":411,"minecraft:bucket":6,"minecraft:yellow_bed":1,"minecraft:oak_boat":7,"minecraft:dandelion":1}},"DataVersion":3465}