{"stats":{"minecraft:dropped":{"minecraft:diamond":1,"minecraft:apple":3,"minecraft:leather":1,"minecraft:torch":14,"minecraft:string":64,"minecraft:bone":6,"minecraft:raw_iron":7,"minecraft:rotten_flesh":17,"minecraft:cobblestone_slab":7,"minecraft:beef":2},"minecraft:picked_up":{"minecraft:crafting_table":3,"minecraft:wheat":9,"minecraft:string":1929,"minecraft:raw_copper":7,"minecraft:cobbled_deepslate":103,"minecraft:beef":10,"minecraft:oak_boat":6,"minecraft:cobblestone_slab":36,"minecraft:melon_slice":30,"minecraft:furnace":1,"minecraft:raw_iron":149,"minecraft:stick":10,"minecraft:torch":15,"minecraft:diorite":15,"minecraft:arrow":12,"minecraft:rotten_flesh":17,"minecraft:mutton":8,"minecraft:white_wool":5,"minecraft:cobblestone":486,"minecraft:tripwire_hook":5,"minecraft:andesite":26,"minecraft:jungle_log":22,"minecraft:leather":5,"minecraft:tuff":1,"minecraft:oak_log":47,"minecraft:yellow_bed":1,"minecraft:gunpowder":2,"minecraft:lapis_lazuli":163,"minecraft:dirt":52,"minecraft:bone":19,"minecraft:apple":3,"minecraft:wheat_seeds":39,"minecraft:raw_gold":48,"minecraft:stone_pickaxe":1,"minecraft:oak_planks":2,"minecraft:gravel":22,"minecraft:jungle_planks":15,"minecraft:barrel":6,"minecraft:diamond":3,"minecraft:lever":2,"minecraft:granite":25,"minecraft:gray_wool":1,"minecraft:oak_button":1,"minecraft:oak_sapling":14,"minecraft:coal":47},"minecraft:mined":{"minecraft:tuff":1,"minecraft:oak_sapling":3,"minecraft:deepslate_diamond_ore":1,"minecraft:lever":1,"minecraft:granite":24,"minecraft:grass_block":7,"minecraft:jungle_planks":7,"minecraft:jungle_log":22,"minecraft:spawner":1,"minecraft:tall_seagrass":1,"minecraft:iron_ore":85,"minecraft:barrel":7,"minecraft:andesite":26,"minecraft:deepslate_lapis_ore":18,"minecraft:vine":3,"minecraft:deepslate_iron_ore":66,"minecraft:cobblestone_slab":28,"minecraft:stone":406,"minecraft:tripwire":16,"minecraft:crafting_table":3,"minecraft:torch":11,"minecraft:melon":6,"minecraft:copper_ore":2,"minecraft:tall_grass":16,"minecraft:cobblestone":67,"minecraft:lapis_ore":7,"minecraft:deepslate_gold_ore":29,"minecraft:oak_planks":2,"minecraft:diorite":12,"minecraft:wall_torch":4,"minecraft:wheat":9,"minecraft:yellow_bed":1,"minecraft:grass":70,"minecraft:oak_log":50,"minecraft:coal_ore":47,"minecraft:gravel":7,"minecraft:dirt":25,"minecraft:tripwire_hook":5,"minecraft:oak_button":1,"minecraft:gold_ore":19,"minecraft:oak_leaves":6,"minecraft:deepslate":101,"minecraft:fern":3},"minecraft:killed":{"minecraft:spider":2,"minecraft:skeleton":9,"minecraft:zombie_villager":1,"minecraft:bat":1,"minecraft:creeper":4,"minecraft:sheep":6,"minecraft:zombie":22,"minecraft:villager":1,"minecraft:enderman":1,"minecraft:cow":5},"minecraft:custom":{"minecraft:mob_kills":54,"minecraft:animals_bred":4,"minecraft:interact_with_crafting_table":51,"minecraft:open_barrel":1,"minecraft:bell_ring":22,"minecraft:leave_game":2,"minecraft:time_since_death":168519,"minecraft:climb_one_cm":1500,"minecraft:sprint_one_cm":158290,"minecraft:walk_one_cm":528297,"minecraft:damage_blocked_by_shield":380,"minecraft:drop":22,"minecraft:talked_to_villager":31,"minecraft:play_time":168519,"minecraft:sneak_time":4219,"minecraft:walk_under_water_one_cm":11982,"minecraft:boat_one_cm":32570,"minecraft:jump":1981,"minecraft:walk_on_water_one_cm":46892,"minecraft:total_world_time":168519,"minecraft:interact_with_furnace":36,"minecraft:traded_with_villager":16,"minecraft:sleep_in_bed":2,"minecraft:time_since_rest":9926,"minecraft:damage_taken":970,"minecraft:damage_dealt":10223,"minecraft:player_kills":1,"minecraft:swim_one_cm":32260,"minecraft:fly_one_cm":205274,"minecraft:open_chest":17,"minecraft:crouch_one_cm":10784,"minecraft:fall_one_cm":28792},"minecraft:used":{"minecraft:oak_trapdoor":2,"minecraft:chest":10,"minecraft:shield":15,"minecraft:torch":33,"minecraft:dirt":35,"minecraft:wooden_axe":17,"minecraft:iron_axe":171,"minecraft:barrel":8,"minecraft:tripwire_hook":7,"minecraft:furnace":3,"minecraft:oak_sapling":6,"minecraft:cooked_beef":8,"minecraft:cobbled_deepslate":61,"minecraft:wheat_seeds":9,"minecraft:cooked_mutton":5,"minecraft:water_bucket":3,"minecraft:diorite":2,"minecraft:stone_pickaxe":708,"minecraft:oak_planks":2,"minecraft:wooden_pickaxe":12,"minecraft:cobblestone_slab":37,"minecraft:jungle_boat":1,"minecraft:crafting_table":12,"minecraft:white_bed":1,"minecraft:shears":36,"minecraft:lever":3,"minecraft:bread":3,"minecraft:string":61,"minecraft:oak_button":1,"minecraft:iron_pickaxe":252,"minecraft:gravel":1,"minecraft:stone_axe":88,"minecraft:cobblestone":301,"minecraft:bucket":3,"minecraft:oak_boat":7},"minecraft:broken":{"minecraft:stone_pickaxe":5,"minecraft:iron_axe":1,"minecraft:stone_axe":1,"minecraft:iron_pickaxe":1},"minecraft:crafted":{"minecraft:oak_planks":188,"minecraft:cobblestone_slab":12,"minecraft:barrel":2,"minecraft:tripwire_hook":2,"minecraft:furnace":3,"minecraft:lever":1,"minecraft:cooked_mutton":8,"minecraft:oak_trapdoor":2,"minecraft:iron_boots":1,"minecraft:iron_axe":2,"minecraft:stone_pickaxe":5,"minecraft:chest":10,"minecraft:oak_button":1,"minecraft:cooked_beef":8,"minecraft:oak_slab":6,"minecraft:emerald":16,"minecraft:crafting_table":9,"minecraft:jungle_boat":1,"minecraft:iron_helmet":1,"minecraft:wooden_pickaxe":1,"minecraft:bucket":1,"minecraft:stone_axe":1,"minecraft:air":0,"minecraft:jungle_planks":44,"minecraft:oak_boat":2,"minecraft:charcoal":11,"minecraft:iron_chestplate":1,"minecraft:shield":1,"minecraft:stick":28,"minecraft:iron_ingot":142,"minecraft:iron_pickaxe":1,"minecraft:wooden_axe":1,"minecraft:iron_leggings":1,"minecraft:white_bed":1,"minecraft:torch":32,"minecraft:shears":1}},"DataVersion":3465}