{"stats":{"minecraft:dropped":{"minecraft:rotten_flesh":10},"minecraft:picked_up":{"minecraft:crafting_table":3,"minecraft:jungle_log":22,"minecraft:andesite":26,"minecraft:leather":4,"minecraft:tuff":1,"minecraft:oak_log":13,"minecraft:gunpowder":1,"minecraft:lapis_lazuli":163,"minecraft:dirt":30,"minecraft:raw_copper":7,"minecraft:bone":11,"minecraft:wheat_seeds":1,"minecraft:cobbled_deepslate":43,"minecraft:raw_gold":39,"minecraft:beef":5,"minecraft:furnace":1,"minecraft:raw_iron":126,"minecraft:torch":8,"minecraft:gravel":21,"minecraft:jungle_planks":5,"minecraft:diorite":15,"minecraft:rotten_flesh":14,"minecraft:arrow":10,"minecraft:granite":24,"minecraft:coal":19,"minecraft:cobblestone":374},"minecraft:mined":{"minecraft:tuff":1,"minecraft:crafting_table":3,"minecraft:torch":6,"minecraft:granite":23,"minecraft:grass_block":5,"minecraft:jungle_log":22,"minecraft:copper_ore":2,"minecraft:cobblestone":2,"minecraft:deepslate_gold_ore":20,"minecraft:lapis_ore":7,"minecraft:diorite":12,"minecraft:wall_torch":2,"minecraft:spawner":1,"minecraft:tall_seagrass":1,"minecraft:iron_ore":70,"minecraft:andesite":26,"minecraft:deepslate_lapis_ore":18,"minecraft:grass":4,"minecraft:coal_ore":20,"minecraft:oak_log":16,"minecraft:deepslate_iron_ore":56,"minecraft:vine":3,"minecraft:gravel":7,"minecraft:dirt":19,"minecraft:stone":363,"minecraft:gold_ore":19,"minecraft:oak_leaves":1,"minecraft:deepslate":43,"minecraft:fern":3},"minecraft:killed":{"minecraft:zombie_villager":1,"minecraft:bat":1,"minecraft:creeper":2,"minecraft:skeleton":6,"minecraft:zombie":19,"minecraft:cow":3},"minecraft:custom":{"minecraft:interact_with_furnace":26,"minecraft:mob_kills":34,"minecraft:interact_with_crafting_table":31,"minecraft:leave_game":2,"minecraft:time_since_death":66519,"minecraft:climb_one_cm":1322,"minecraft:time_since_rest":66519,"minecraft:sprint_one_cm":65604,"minecraft:damage_taken":397,"minecraft:walk_one_cm":260517,"minecraft:damage_blocked_by_shield":355,"minecraft:drop":1,"minecraft:damage_dealt":7205,"minecraft:talked_to_villager":1,"minecraft:swim_one_cm":25959,"minecraft:fly_one_cm":70087,"minecraft:player_kills":1,"minecraft:open_chest":6,"minecraft:crouch_one_cm":4935,"minecraft:play_time":66519,"minecraft:sneak_time":2723,"minecraft:walk_under_water_one_cm":3749,"minecraft:boat_one_cm":26333,"minecraft:jump":896,"minecraft:walk_on_water_one_cm":17603,"minecraft:total_world_time":66519,"minecraft:fall_one_cm":7689},"minecraft:used":{"minecraft:diorite":2,"minecraft:stone_pickaxe":604,"minecraft:chest":2,"minecraft:shield":14,"minecraft:wooden_pickaxe":12,"minecraft:jungle_boat":1,"minecraft:torch":26,"minecraft:dirt":16,"minecraft:crafting_table":8,"minecraft:wooden_axe":17,"minecraft:iron_axe":85,"minecraft:bread":1,"minecraft:iron_pickaxe":93,"minecraft:stone_axe":70,"minecraft:cobblestone":71,"minecraft:furnace":3,"minecraft:cooked_beef":5,"minecraft:cobbled_deepslate":1},"minecraft:crafted":{"minecraft:cooked_beef":5,"minecraft:oak_planks":52,"minecraft:crafting_table":5,"minecraft:jungle_boat":1,"minecraft:wooden_pickaxe":1,"minecraft:iron_helmet":1,"minecraft:furnace":3,"minecraft:stone_axe":1,"minecraft:air":0,"minecraft:jungle_planks":44,"minecraft:iron_boots":1,"minecraft:iron_chestplate":1,"minecraft:charcoal":11,"minecraft:shield":1,"minecraft:iron_axe":1,"minecraft:stick":28,"minecraft:iron_ingot":39,"minecraft:iron_pickaxe":1,"minecraft:stone_pickaxe":5,"minecraft:wooden_axe":1,"minecraft:chest":2,"minecraft:iron_leggings":1,"minecraft:torch":32},"minecraft:broken":{"minecraft:stone_pickaxe":4}},"DataVersion":3465}