{"stats":{"minecraft:broken":{"minecraft:diamond_shovel":1,"minecraft:iron_axe":1,"minecraft:iron_pickaxe":1,"minecraft:iron_hoe":2},"minecraft:dropped":{"minecraft:water_bucket":1,"minecraft:iron_ingot":49,"minecraft:bread":358,"minecraft:iron_sword":2,"minecraft:wheat_seeds":21,"minecraft:diamond":40,"minecraft:diamond_leggings":1,"minecraft:feather":1,"minecraft:iron_helmet":4,"minecraft:cobblestone":12,"minecraft:jungle_planks":8,"minecraft:grass_block":2,"minecraft:stick":1,"minecraft:dirt":469,"minecraft:ink_sac":2,"minecraft:torch":16,"minecraft:cornflower":2,"minecraft:melon_slice":16,"minecraft:diamond_helmet":1,"minecraft:jungle_sapling":1,"minecraft:gold_nugget":6,"minecraft:sand":1,"minecraft:string":268,"minecraft:dandelion":9,"minecraft:bone":5,"minecraft:blaze_rod":1,"minecraft:wheat":85,"minecraft:diamond_shovel":3,"minecraft:stone_slab":1,"minecraft:jungle_trapdoor":2,"minecraft:white_bed":2,"minecraft:nether_bricks":1,"minecraft:carrot":2,"minecraft:flint_and_steel":1,"minecraft:filled_map":1,"minecraft:oak_fence_gate":1,"minecraft:diamond_pickaxe":2,"minecraft:yellow_bed":1,"minecraft:oak_sapling":1,"minecraft:spider_eye":4,"minecraft:barrel":1,"minecraft:diamond_boots":1,"minecraft:stone_pickaxe":2,"minecraft:netherrack":90},"minecraft:crafted":{"minecraft:oak_planks":136,"minecraft:diamond_hoe":2,"minecraft:blaze_powder":8,"minecraft:furnace":1,"minecraft:jungle_trapdoor":2,"minecraft:bone_meal":24,"minecraft:diamond_shovel":3,"minecraft:diamond_helmet":3,"minecraft:bow":1,"minecraft:diamond_leggings":3,"minecraft:iron_boots":1,"minecraft:iron_axe":1,"minecraft:iron_hoe":2,"minecraft:stone_pickaxe":1,"minecraft:diamond_boots":2,"minecraft:jungle_fence":168,"minecraft:oak_fence":48,"minecraft:cooked_beef":12,"minecraft:emerald":138,"minecraft:diamond_axe":2,"minecraft:crafting_table":3,"minecraft:wooden_pickaxe":1,"minecraft:iron_helmet":4,"minecraft:acacia_boat":2,"minecraft:bread":377,"minecraft:air":0,"minecraft:jungle_planks":392,"minecraft:oak_fence_gate":1,"minecraft:iron_chestplate":1,"minecraft:diamond_pickaxe":2,"minecraft:shield":1,"minecraft:stick":276,"minecraft:iron_ingot":15,"minecraft:iron_pickaxe":1,"minecraft:iron_leggings":1,"minecraft:acacia_planks":24,"minecraft:torch":60,"minecraft:diamond_chestplate":1},"minecraft:picked_up":{"minecraft:iron_chestplate":2,"minecraft:crafting_table":6,"minecraft:wheat":541,"minecraft:azure_bluet":1,"minecraft:chicken":2,"minecraft:stone_slab":3,"minecraft:lead":2,"minecraft:pink_wool":2,"minecraft:diamond_horse_armor":1,"minecraft:shield":1,"minecraft:cornflower":2,"minecraft:jungle_trapdoor":4,"minecraft:string":3476,"minecraft:flint_and_steel":1,"minecraft:diamond_leggings":3,"minecraft:gold_nugget":6,"minecraft:cobbled_deepslate":243,"minecraft:bucket":2,"minecraft:beef":36,"minecraft:oak_boat":7,"minecraft:cobblestone_slab":25,"minecraft:jungle_sapling":1,"minecraft:poppy":12,"minecraft:minecart":6,"minecraft:enchanted_golden_apple":1,"minecraft:melon_slice":69,"minecraft:diamond_hoe":1,"minecraft:furnace":5,"minecraft:egg":2,"minecraft:stick":5,"minecraft:raw_iron":15,"minecraft:acacia_log":6,"minecraft:composter":7,"minecraft:oak_fence":22,"minecraft:torch":17,"minecraft:carrot":32,"minecraft:redstone":8,"minecraft:arrow":9,"minecraft:stone_shovel":3,"minecraft:rotten_flesh":42,"minecraft:diamond_chestplate":1,"minecraft:nether_bricks":1,"minecraft:diamond_boots":4,"minecraft:saddle":1,"minecraft:gold_ingot":1,"minecraft:blaze_rod":5,"minecraft:obsidian":7,"minecraft:mutton":11,"minecraft:blaze_powder":8,"minecraft:rail":56,"minecraft:white_wool":7,"minecraft:cobblestone":61,"minecraft:feather":2,"minecraft:cooked_beef":8,"minecraft:andesite":13,"minecraft:tripwire_hook":1,"minecraft:water_bucket":4,"minecraft:jungle_log":98,"minecraft:leather":22,"minecraft:jungle_fence":40,"minecraft:potato":16,"minecraft:filled_map":1,"minecraft:tuff":27,"minecraft:oak_log":36,"minecraft:yellow_bed":8,"minecraft:dirt":1134,"minecraft:bone":20,"minecraft:apple":2,"minecraft:kelp":4,"minecraft:wheat_seeds":1745,"minecraft:iron_ingot":41,"minecraft:oak_fence_gate":3,"minecraft:stone_pickaxe":2,"minecraft:diamond_helmet":2,"minecraft:iron_sword":8,"minecraft:oak_planks":3,"minecraft:dandelion":11,"minecraft:gravel":3,"minecraft:sand":5,"minecraft:jungle_planks":126,"minecraft:ink_sac":2,"minecraft:white_bed":8,"minecraft:grass_block":2,"minecraft:spider_eye":8,"minecraft:barrel":16,"minecraft:diamond_shovel":4,"minecraft:diamond":88,"minecraft:iron_helmet":1,"minecraft:granite":4,"minecraft:diamond_axe":3,"minecraft:bread":198,"minecraft:emerald":65,"minecraft:oak_button":1,"minecraft:oak_sapling":12,"minecraft:netherrack":205,"minecraft:coal":58,"minecraft:ender_pearl":1,"minecraft:diamond_pickaxe":3},"minecraft:killed_by":{"minecraft:player":4,"minecraft:iron_golem":1},"minecraft:killed":{"minecraft:spider":12,"minecraft:skeleton":11,"minecraft:chicken":1,"minecraft:zombie_villager":1,"minecraft:iron_golem":9,"minecraft:creeper":5,"minecraft:sheep":1,"minecraft:zombie":33,"minecraft:wither_skeleton":2,"minecraft:villager":4,"minecraft:enderman":2,"minecraft:blaze":12,"minecraft:cow":8},"minecraft:custom":{"minecraft:mob_kills":105,"minecraft:animals_bred":4,"minecraft:interact_with_crafting_table":44,"minecraft:open_barrel":23,"minecraft:bell_ring":398,"minecraft:leave_game":15,"minecraft:time_since_death":93387,"minecraft:climb_one_cm":6638,"minecraft:sprint_one_cm":1832548,"minecraft:walk_one_cm":1937717,"minecraft:damage_blocked_by_shield":1070,"minecraft:drop":609,"minecraft:talked_to_villager":135,"minecraft:play_time":800892,"minecraft:sneak_time":7927,"minecraft:deaths":14,"minecraft:walk_under_water_one_cm":45152,"minecraft:boat_one_cm":15063,"minecraft:jump":10673,"minecraft:walk_on_water_one_cm":92246,"minecraft:total_world_time":800892,"minecraft:interact_with_furnace":25,"minecraft:traded_with_villager":151,"minecraft:interact_with_grindstone":1,"minecraft:sleep_in_bed":14,"minecraft:time_since_rest":93537,"minecraft:damage_taken":121535,"minecraft:damage_absorbed":10,"minecraft:damage_dealt":25942,"minecraft:minecart_one_cm":43844,"minecraft:swim_one_cm":263932,"minecraft:fly_one_cm":2301051,"minecraft:open_chest":59,"minecraft:crouch_one_cm":20768,"minecraft:fall_one_cm":1450117},"minecraft:used":{"minecraft:oak_fence":28,"minecraft:stone_shovel":69,"minecraft:diamond_hoe":387,"minecraft:shield":44,"minecraft:iron_sword":358,"minecraft:rotten_flesh":4,"minecraft:netherrack":25,"minecraft:torch":14,"minecraft:dirt":263,"minecraft:jungle_planks":118,"minecraft:carrot":22,"minecraft:diamond_helmet":3,"minecraft:jungle_trapdoor":4,"minecraft:oak_fence_gate":3,"minecraft:obsidian":15,"minecraft:iron_hoe":508,"minecraft:iron_axe":188,"minecraft:barrel":15,"minecraft:tripwire_hook":1,"minecraft:diamond_chestplate":1,"minecraft:bow":6,"minecraft:oak_sapling":9,"minecraft:furnace":5,"minecraft:minecart":6,"minecraft:egg":1,"minecraft:potato":12,"minecraft:cooked_beef":13,"minecraft:cobbled_deepslate":77,"minecraft:wheat_seeds":1341,"minecraft:acacia_boat":1,"minecraft:water_bucket":31,"minecraft:diamond_boots":2,"minecraft:stone_pickaxe":66,"minecraft:jungle_fence":134,"minecraft:wooden_pickaxe":17,"minecraft:composter":7,"minecraft:diamond_axe":511,"minecraft:cobblestone_slab":21,"minecraft:white_wool":7,"minecraft:golden_apple":1,"minecraft:sand":2,"minecraft:rail":45,"minecraft:crafting_table":8,"minecraft:spider_eye":1,"minecraft:white_bed":3,"minecraft:diamond_pickaxe":232,"minecraft:apple":8,"minecraft:diamond_shovel":1624,"minecraft:chicken":1,"minecraft:iron_pickaxe":249,"minecraft:melon_slice":53,"minecraft:string":10,"minecraft:oak_button":1,"minecraft:bread":128,"minecraft:cobblestone":29,"minecraft:dandelion":1,"minecraft:andesite":6,"minecraft:bucket":31,"minecraft:diamond_leggings":2,"minecraft:oak_boat":7,"minecraft:yellow_bed":7,"minecraft:bone_meal":24},"minecraft:mined":{"minecraft:tuff":29,"minecraft:white_bed":7,"minecraft:farmland":3,"minecraft:deepslate_diamond_ore":50,"minecraft:jungle_leaves":2,"minecraft:obsidian":7,"minecraft:nether_bricks":1,"minecraft:granite":2,"minecraft:acacia_log":6,"minecraft:grass_block":910,"minecraft:jungle_planks":72,"minecraft:jungle_log":98,"minecraft:kelp":2,"minecraft:composter":7,"minecraft:carrots":9,"minecraft:furnace":4,"minecraft:iron_ore":4,"minecraft:barrel":14,"minecraft:fire":50,"minecraft:cobbled_deepslate":6,"minecraft:andesite":8,"minecraft:potatoes":11,"minecraft:vine":20,"minecraft:cobblestone_slab":16,"minecraft:deepslate_iron_ore":4,"minecraft:rail":44,"minecraft:stone":32,"minecraft:tripwire":3,"minecraft:jungle_trapdoor":3,"minecraft:deepslate_redstone_ore":2,"minecraft:acacia_leaves":1,"minecraft:glass_pane":1,"minecraft:basalt":9,"minecraft:dandelion":3,"minecraft:oak_fence":5,"minecraft:crafting_table":5,"minecraft:torch":1,"minecraft:poppy":1,"minecraft:melon":10,"minecraft:tall_grass":50,"minecraft:stone_slab":1,"minecraft:glass":4,"minecraft:cobblestone":26,"minecraft:wall_torch":1,"minecraft:wheat":601,"minecraft:jungle_fence":3,"minecraft:yellow_bed":8,"minecraft:grass":358,"minecraft:coal_ore":6,"minecraft:oak_log":33,"minecraft:oak_fence_gate":2,"minecraft:gravel":3,"minecraft:sand":3,"minecraft:dirt":828,"minecraft:tripwire_hook":1,"minecraft:netherrack":79,"minecraft:deepslate":239,"minecraft:oak_leaves":10,"minecraft:fern":13}},"DataVersion":3465}