{"stats":{"minecraft:dropped":{"minecraft:wheat_seeds":6,"minecraft:diamond":29,"minecraft:cobblestone":7,"minecraft:dirt":1,"minecraft:torch":16,"minecraft:melon_slice":16,"minecraft:jungle_trapdoor":1,"minecraft:oak_fence_gate":1,"minecraft:barrel":1,"minecraft:spider_eye":2,"minecraft:stone_pickaxe":2},"minecraft:picked_up":{"minecraft:iron_chestplate":1,"minecraft:crafting_table":6,"minecraft:wheat":8,"minecraft:chicken":2,"minecraft:jungle_trapdoor":4,"minecraft:string":1386,"minecraft:cobbled_deepslate":45,"minecraft:beef":14,"minecraft:oak_boat":5,"minecraft:cobblestone_slab":19,"minecraft:poppy":9,"minecraft:melon_slice":69,"minecraft:egg":1,"minecraft:furnace":5,"minecraft:raw_iron":15,"minecraft:stick":2,"minecraft:oak_fence":20,"minecraft:torch":15,"minecraft:carrot":1,"minecraft:stone_shovel":2,"minecraft:arrow":6,"minecraft:rotten_flesh":18,"minecraft:saddle":1,"minecraft:gold_ingot":1,"minecraft:cobblestone":37,"minecraft:feather":2,"minecraft:cooked_beef":5,"minecraft:tripwire_hook":1,"minecraft:andesite":13,"minecraft:leather":14,"minecraft:tuff":15,"minecraft:oak_log":29,"minecraft:yellow_bed":7,"minecraft:dirt":168,"minecraft:bone":8,"minecraft:apple":2,"minecraft:wheat_seeds":28,"minecraft:stone_pickaxe":2,"minecraft:oak_fence_gate":3,"minecraft:iron_ingot":28,"minecraft:oak_planks":3,"minecraft:iron_sword":1,"minecraft:dandelion":1,"minecraft:gravel":1,"minecraft:jungle_planks":43,"minecraft:white_bed":4,"minecraft:barrel":16,"minecraft:spider_eye":3,"minecraft:diamond":46,"minecraft:iron_helmet":1,"minecraft:granite":4,"minecraft:oak_button":1,"minecraft:oak_sapling":11,"minecraft:coal":15},"minecraft:mined":{"minecraft:tuff":17,"minecraft:white_bed":3,"minecraft:deepslate_diamond_ore":15,"minecraft:granite":2,"minecraft:grass_block":8,"minecraft:jungle_planks":22,"minecraft:furnace":4,"minecraft:carrots":1,"minecraft:barrel":14,"minecraft:cobbled_deepslate":4,"minecraft:iron_ore":4,"minecraft:fire":1,"minecraft:andesite":8,"minecraft:deepslate_iron_ore":4,"minecraft:cobblestone_slab":13,"minecraft:stone":17,"minecraft:tripwire":3,"minecraft:jungle_trapdoor":3,"minecraft:glass_pane":1,"minecraft:dandelion":1,"minecraft:oak_fence":4,"minecraft:crafting_table":5,"minecraft:poppy":1,"minecraft:melon":10,"minecraft:tall_grass":7,"minecraft:cobblestone":21,"minecraft:wall_torch":1,"minecraft:wheat":10,"minecraft:yellow_bed":7,"minecraft:grass":55,"minecraft:oak_log":26,"minecraft:coal_ore":6,"minecraft:oak_fence_gate":2,"minecraft:gravel":1,"minecraft:dirt":70,"minecraft:tripwire_hook":1,"minecraft:oak_leaves":6,"minecraft:deepslate":40,"minecraft:fern":11},"minecraft:killed_by":{"minecraft:player":1,"minecraft:iron_golem":1},"minecraft:killed":{"minecraft:spider":3,"minecraft:skeleton":4,"minecraft:chicken":1,"minecraft:zombie_villager":1,"minecraft:iron_golem":6,"minecraft:zombie":7,"minecraft:villager":2,"minecraft:cow":6},"minecraft:custom":{"minecraft:mob_kills":31,"minecraft:animals_bred":4,"minecraft:interact_with_crafting_table":13,"minecraft:open_barrel":8,"minecraft:bell_ring":251,"minecraft:leave_game":2,"minecraft:time_since_death":135721,"minecraft:climb_one_cm":836,"minecraft:sprint_one_cm":263343,"minecraft:walk_one_cm":333980,"minecraft:damage_blocked_by_shield":685,"minecraft:drop":71,"minecraft:talked_to_villager":46,"minecraft:play_time":202226,"minecraft:deaths":2,"minecraft:sneak_time":3097,"minecraft:walk_under_water_one_cm":12817,"minecraft:boat_one_cm":2423,"minecraft:jump":2218,"minecraft:walk_on_water_one_cm":36277,"minecraft:total_world_time":202226,"minecraft:interact_with_furnace":14,"minecraft:sleep_in_bed":1,"minecraft:time_since_rest":21754,"minecraft:damage_taken":1561,"minecraft:damage_dealt":8872,"minecraft:swim_one_cm":31734,"minecraft:fly_one_cm":444004,"minecraft:open_chest":9,"minecraft:crouch_one_cm":8236,"minecraft:fall_one_cm":56632},"minecraft:used":{"minecraft:oak_fence":22,"minecraft:stone_shovel":42,"minecraft:shield":27,"minecraft:iron_sword":124,"minecraft:rotten_flesh":4,"minecraft:dirt":141,"minecraft:jungle_planks":29,"minecraft:carrot":1,"minecraft:jungle_trapdoor":3,"minecraft:oak_fence_gate":2,"minecraft:iron_axe":187,"minecraft:barrel":15,"minecraft:tripwire_hook":1,"minecraft:bow":6,"minecraft:furnace":5,"minecraft:oak_sapling":9,"minecraft:cooked_beef":3,"minecraft:cobbled_deepslate":14,"minecraft:wheat_seeds":8,"minecraft:stone_pickaxe":66,"minecraft:wooden_pickaxe":17,"minecraft:cobblestone_slab":13,"minecraft:crafting_table":7,"minecraft:spider_eye":1,"minecraft:white_bed":3,"minecraft:diamond_pickaxe":83,"minecraft:apple":2,"minecraft:melon_slice":41,"minecraft:chicken":1,"minecraft:bread":6,"minecraft:oak_button":1,"minecraft:string":10,"minecraft:cobblestone":14,"minecraft:andesite":6,"minecraft:yellow_bed":7,"minecraft:oak_boat":4,"minecraft:bone_meal":15},"minecraft:crafted":{"minecraft:oak_planks":116,"minecraft:furnace":1,"minecraft:jungle_trapdoor":2,"minecraft:bone_meal":15,"minecraft:bow":1,"minecraft:iron_boots":1,"minecraft:iron_axe":1,"minecraft:stone_pickaxe":1,"minecraft:oak_fence":42,"minecraft:cooked_beef":8,"minecraft:crafting_table":2,"minecraft:wooden_pickaxe":1,"minecraft:air":0,"minecraft:iron_chestplate":1,"minecraft:diamond_pickaxe":1,"minecraft:shield":1,"minecraft:stick":68,"minecraft:iron_ingot":15,"minecraft:iron_leggings":1,"minecraft:torch":16}},"DataVersion":3465}