{"stats":{"minecraft:picked_up":{"minecraft:crafting_table":2,"minecraft:feather":1,"minecraft:chicken":1,"minecraft:oak_log":3,"minecraft:white_bed":1,"minecraft:dirt":5,"minecraft:wheat_seeds":4,"minecraft:poppy":1,"minecraft:coal":6,"minecraft:cobblestone":11},"minecraft:mined":{"minecraft:white_bed":1,"minecraft:crafting_table":2,"minecraft:grass":20,"minecraft:grass_block":5,"minecraft:coal_ore":6,"minecraft:poppy":1,"minecraft:tall_grass":2,"minecraft:stone":11,"minecraft:fern":8},"minecraft:killed_by":{"minecraft:player":1},"minecraft:killed":{"minecraft:chicken":1},"minecraft:custom":{"minecraft:time_since_rest":30231,"minecraft:sprint_one_cm":37809,"minecraft:damage_taken":359,"minecraft:walk_one_cm":11470,"minecraft:mob_kills":1,"minecraft:damage_dealt":194,"minecraft:talked_to_villager":1,"minecraft:swim_one_cm":4620,"minecraft:interact_with_crafting_table":3,"minecraft:fly_one_cm":80001,"minecraft:open_chest":3,"minecraft:deaths":1,"minecraft:play_time":31179,"minecraft:walk_under_water_one_cm":337,"minecraft:jump":284,"minecraft:leave_game":1,"minecraft:time_since_death":30204,"minecraft:walk_on_water_one_cm":961,"minecraft:total_world_time":31179,"minecraft:fall_one_cm":8352},"minecraft:used":{"minecraft:bread":2,"minecraft:wooden_pickaxe":17,"minecraft:iron_sword":2,"minecraft:dirt":5,"minecraft:crafting_table":2},"minecraft:crafted":{"minecraft:oak_planks":12,"minecraft:stick":4,"minecraft:wooden_pickaxe":1,"minecraft:stone_pickaxe":1,"minecraft:furnace":1}},"DataVersion":3465}