{"stats":{"minecraft:dropped":{"minecraft:torch":16,"minecraft:stone_pickaxe":1},"minecraft:picked_up":{"minecraft:crafting_table":3,"minecraft:feather":1,"minecraft:chicken":1,"minecraft:andesite":8,"minecraft:leather":6,"minecraft:oak_log":7,"minecraft:yellow_bed":7,"minecraft:dirt":124,"minecraft:string":2,"minecraft:wheat_seeds":5,"minecraft:beef":8,"minecraft:iron_ingot":3,"minecraft:stone_pickaxe":1,"minecraft:poppy":2,"minecraft:oak_planks":3,"minecraft:furnace":3,"minecraft:raw_iron":4,"minecraft:white_bed":3,"minecraft:arrow":1,"minecraft:rotten_flesh":5,"minecraft:stone_shovel":1,"minecraft:granite":2,"minecraft:coal":15,"minecraft:cobblestone":16},"minecraft:mined":{"minecraft:white_bed":3,"minecraft:crafting_table":3,"minecraft:granite":2,"minecraft:grass_block":5,"minecraft:poppy":1,"minecraft:tall_grass":7,"minecraft:furnace":3,"minecraft:iron_ore":4,"minecraft:andesite":8,"minecraft:yellow_bed":7,"minecraft:grass":36,"minecraft:oak_log":4,"minecraft:coal_ore":6,"minecraft:dirt":51,"minecraft:stone":16,"minecraft:oak_leaves":3,"minecraft:fern":9},"minecraft:killed_by":{"minecraft:player":1},"minecraft:killed":{"minecraft:zombie_villager":1,"minecraft:spider":1,"minecraft:iron_golem":1,"minecraft:skeleton":1,"minecraft:zombie":5,"minecraft:chicken":1,"minecraft:cow":4},"minecraft:custom":{"minecraft:interact_with_furnace":7,"minecraft:mob_kills":14,"minecraft:interact_with_crafting_table":4,"minecraft:bell_ring":74,"minecraft:leave_game":1,"minecraft:time_since_death":63333,"minecraft:time_since_rest":63360,"minecraft:sprint_one_cm":115481,"minecraft:damage_taken":789,"minecraft:walk_one_cm":74713,"minecraft:drop":17,"minecraft:damage_dealt":2524,"minecraft:swim_one_cm":17841,"minecraft:talked_to_villager":3,"minecraft:fly_one_cm":213948,"minecraft:open_chest":6,"minecraft:crouch_one_cm":3393,"minecraft:play_time":64308,"minecraft:deaths":1,"minecraft:sneak_time":1154,"minecraft:walk_under_water_one_cm":4354,"minecraft:jump":921,"minecraft:walk_on_water_one_cm":5798,"minecraft:total_world_time":64308,"minecraft:fall_one_cm":24016},"minecraft:used":{"minecraft:stone_shovel":36,"minecraft:stone_pickaxe":26,"minecraft:wooden_pickaxe":17,"minecraft:iron_sword":97,"minecraft:dirt":91,"minecraft:crafting_table":3,"minecraft:white_bed":2,"minecraft:bread":6,"minecraft:cobblestone":5,"minecraft:furnace":3,"minecraft:andesite":3,"minecraft:yellow_bed":7,"minecraft:cooked_beef":3},"minecraft:crafted":{"minecraft:cooked_beef":8,"minecraft:oak_planks":28,"minecraft:crafting_table":1,"minecraft:wooden_pickaxe":1,"minecraft:furnace":1,"minecraft:air":0,"minecraft:iron_chestplate":1,"minecraft:stick":8,"minecraft:iron_ingot":4,"minecraft:stone_pickaxe":1,"minecraft:torch":16}},"DataVersion":3465}