{"stats":{"minecraft:dropped":{"minecraft:wheat_seeds":6,"minecraft:torch":16,"minecraft:stone_pickaxe":1},"minecraft:picked_up":{"minecraft:iron_chestplate":1,"minecraft:crafting_table":4,"minecraft:wheat":2,"minecraft:feather":2,"minecraft:cooked_beef":5,"minecraft:chicken":2,"minecraft:andesite":13,"minecraft:leather":14,"minecraft:oak_log":29,"minecraft:yellow_bed":7,"minecraft:dirt":162,"minecraft:string":4,"minecraft:apple":1,"minecraft:wheat_seeds":7,"minecraft:beef":14,"minecraft:iron_ingot":9,"minecraft:stone_pickaxe":2,"minecraft:poppy":4,"minecraft:iron_sword":1,"minecraft:oak_planks":3,"minecraft:furnace":4,"minecraft:stick":2,"minecraft:raw_iron":4,"minecraft:jungle_planks":24,"minecraft:carrot":1,"minecraft:white_bed":4,"minecraft:arrow":2,"minecraft:rotten_flesh":14,"minecraft:stone_shovel":2,"minecraft:diamond":3,"minecraft:iron_helmet":1,"minecraft:granite":4,"minecraft:saddle":1,"minecraft:gold_ingot":1,"minecraft:oak_sapling":10,"minecraft:coal":15,"minecraft:cobblestone":16},"minecraft:mined":{"minecraft:white_bed":3,"minecraft:crafting_table":3,"minecraft:granite":2,"minecraft:grass_block":5,"minecraft:poppy":1,"minecraft:tall_grass":7,"minecraft:furnace":3,"minecraft:carrots":1,"minecraft:iron_ore":4,"minecraft:wheat":2,"minecraft:andesite":8,"minecraft:yellow_bed":7,"minecraft:grass":39,"minecraft:oak_log":26,"minecraft:coal_ore":6,"minecraft:dirt":63,"minecraft:stone":16,"minecraft:oak_leaves":6,"minecraft:fern":9},"minecraft:killed_by":{"minecraft:player":1,"minecraft:iron_golem":1},"minecraft:killed":{"minecraft:zombie_villager":1,"minecraft:spider":1,"minecraft:iron_golem":2,"minecraft:skeleton":1,"minecraft:zombie":5,"minecraft:chicken":1,"minecraft:cow":6},"minecraft:custom":{"minecraft:interact_with_furnace":7,"minecraft:mob_kills":17,"minecraft:animals_bred":1,"minecraft:interact_with_crafting_table":7,"minecraft:bell_ring":172,"minecraft:leave_game":1,"minecraft:time_since_death":9803,"minecraft:time_since_rest":9855,"minecraft:sprint_one_cm":155136,"minecraft:damage_taken":900,"minecraft:walk_one_cm":91990,"minecraft:drop":23,"minecraft:damage_dealt":3834,"minecraft:swim_one_cm":21874,"minecraft:talked_to_villager":3,"minecraft:fly_one_cm":292413,"minecraft:open_chest":6,"minecraft:crouch_one_cm":4048,"minecraft:play_time":76308,"minecraft:deaths":2,"minecraft:sneak_time":1468,"minecraft:walk_under_water_one_cm":4759,"minecraft:jump":1239,"minecraft:walk_on_water_one_cm":10030,"minecraft:total_world_time":76308,"minecraft:fall_one_cm":32124},"minecraft:used":{"minecraft:oak_fence":15,"minecraft:stone_shovel":42,"minecraft:stone_pickaxe":26,"minecraft:wooden_pickaxe":17,"minecraft:iron_sword":124,"minecraft:dirt":136,"minecraft:crafting_table":4,"minecraft:carrot":1,"minecraft:white_bed":3,"minecraft:apple":1,"minecraft:iron_axe":27,"minecraft:bread":6,"minecraft:cobblestone":5,"minecraft:oak_sapling":9,"minecraft:furnace":3,"minecraft:andesite":3,"minecraft:yellow_bed":7,"minecraft:cooked_beef":3},"minecraft:crafted":{"minecraft:cooked_beef":8,"minecraft:oak_planks":116,"minecraft:crafting_table":1,"minecraft:wooden_pickaxe":1,"minecraft:furnace":1,"minecraft:air":0,"minecraft:iron_chestplate":1,"minecraft:iron_axe":1,"minecraft:stick":68,"minecraft:iron_ingot":4,"minecraft:stone_pickaxe":1,"minecraft:torch":16,"minecraft:oak_fence":42}},"DataVersion":3465}