{"stats":{"minecraft:dropped":{"minecraft:wheat_seeds":6,"minecraft:torch":16,"minecraft:stone_pickaxe":1},"minecraft:picked_up":{"minecraft:iron_chestplate":1,"minecraft:crafting_table":4,"minecraft:wheat":8,"minecraft:feather":2,"minecraft:cooked_beef":5,"minecraft:chicken":2,"minecraft:andesite":13,"minecraft:leather":14,"minecraft:oak_log":29,"minecraft:yellow_bed":7,"minecraft:dirt":162,"minecraft:string":9,"minecraft:bone":5,"minecraft:apple":1,"minecraft:wheat_seeds":28,"minecraft:oak_fence_gate":1,"minecraft:beef":14,"minecraft:iron_ingot":9,"minecraft:stone_pickaxe":2,"minecraft:poppy":4,"minecraft:melon_slice":54,"minecraft:iron_sword":1,"minecraft:oak_planks":3,"minecraft:egg":1,"minecraft:furnace":4,"minecraft:stick":2,"minecraft:raw_iron":4,"minecraft:oak_fence":2,"minecraft:dandelion":1,"minecraft:jungle_planks":24,"minecraft:carrot":1,"minecraft:white_bed":4,"minecraft:spider_eye":1,"minecraft:arrow":5,"minecraft:rotten_flesh":18,"minecraft:stone_shovel":2,"minecraft:diamond":3,"minecraft:iron_helmet":1,"minecraft:granite":4,"minecraft:saddle":1,"minecraft:gold_ingot":1,"minecraft:oak_sapling":11,"minecraft:coal":15,"minecraft:cobblestone":16},"minecraft:mined":{"minecraft:white_bed":3,"minecraft:dandelion":1,"minecraft:oak_fence":2,"minecraft:crafting_table":3,"minecraft:granite":2,"minecraft:melon":10,"minecraft:grass_block":5,"minecraft:poppy":1,"minecraft:tall_grass":7,"minecraft:furnace":3,"minecraft:carrots":1,"minecraft:iron_ore":4,"minecraft:wheat":10,"minecraft:andesite":8,"minecraft:yellow_bed":7,"minecraft:grass":54,"minecraft:oak_log":26,"minecraft:coal_ore":6,"minecraft:oak_fence_gate":1,"minecraft:dirt":63,"minecraft:stone":16,"minecraft:oak_leaves":6,"minecraft:fern":11},"minecraft:killed_by":{"minecraft:player":1,"minecraft:iron_golem":1},"minecraft:killed":{"minecraft:zombie_villager":1,"minecraft:spider":3,"minecraft:iron_golem":2,"minecraft:skeleton":3,"minecraft:zombie":7,"minecraft:chicken":1,"minecraft:cow":6},"minecraft:custom":{"minecraft:interact_with_furnace":7,"minecraft:mob_kills":24,"minecraft:animals_bred":1,"minecraft:interact_with_crafting_table":9,"minecraft:bell_ring":172,"minecraft:leave_game":1,"minecraft:time_since_death":21803,"minecraft:climb_one_cm":836,"minecraft:time_since_rest":21855,"minecraft:sprint_one_cm":199015,"minecraft:damage_taken":1114,"minecraft:walk_one_cm":140710,"minecraft:damage_blocked_by_shield":515,"minecraft:drop":23,"minecraft:damage_dealt":5073,"minecraft:swim_one_cm":22231,"minecraft:talked_to_villager":3,"minecraft:fly_one_cm":356775,"minecraft:open_chest":6,"minecraft:crouch_one_cm":4108,"minecraft:play_time":88308,"minecraft:deaths":2,"minecraft:sneak_time":1552,"minecraft:walk_under_water_one_cm":9848,"minecraft:jump":1540,"minecraft:walk_on_water_one_cm":11952,"minecraft:total_world_time":88308,"minecraft:fall_one_cm":39031},"minecraft:used":{"minecraft:wheat_seeds":8,"minecraft:oak_fence":15,"minecraft:stone_shovel":42,"minecraft:stone_pickaxe":26,"minecraft:shield":21,"minecraft:wooden_pickaxe":17,"minecraft:iron_sword":124,"minecraft:rotten_flesh":4,"minecraft:dirt":136,"minecraft:crafting_table":4,"minecraft:carrot":1,"minecraft:white_bed":3,"minecraft:apple":1,"minecraft:melon_slice":6,"minecraft:chicken":1,"minecraft:iron_axe":79,"minecraft:bread":6,"minecraft:cobblestone":5,"minecraft:oak_sapling":9,"minecraft:furnace":3,"minecraft:andesite":6,"minecraft:yellow_bed":7,"minecraft:cooked_beef":3,"minecraft:bone_meal":15},"minecraft:crafted":{"minecraft:cooked_beef":8,"minecraft:oak_planks":116,"minecraft:crafting_table":1,"minecraft:wooden_pickaxe":1,"minecraft:furnace":1,"minecraft:bone_meal":15,"minecraft:air":0,"minecraft:iron_chestplate":1,"minecraft:shield":1,"minecraft:iron_axe":1,"minecraft:stick":68,"minecraft:iron_ingot":4,"minecraft:stone_pickaxe":1,"minecraft:torch":16,"minecraft:oak_fence":42}},"DataVersion":3465}