{"stats":{"minecraft:dropped":{"minecraft:wheat_seeds":6,"minecraft:diamond":29,"minecraft:torch":16,"minecraft:stone_pickaxe":1},"minecraft:picked_up":{"minecraft:iron_chestplate":1,"minecraft:crafting_table":5,"minecraft:wheat":8,"minecraft:feather":2,"minecraft:cooked_beef":5,"minecraft:chicken":2,"minecraft:tripwire_hook":1,"minecraft:andesite":13,"minecraft:leather":14,"minecraft:tuff":15,"minecraft:oak_log":29,"minecraft:yellow_bed":7,"minecraft:dirt":162,"minecraft:string":30,"minecraft:bone":6,"minecraft:apple":1,"minecraft:wheat_seeds":28,"minecraft:cobbled_deepslate":45,"minecraft:oak_fence_gate":1,"minecraft:beef":14,"minecraft:iron_ingot":19,"minecraft:stone_pickaxe":2,"minecraft:poppy":8,"minecraft:melon_slice":54,"minecraft:iron_sword":1,"minecraft:oak_planks":3,"minecraft:egg":1,"minecraft:furnace":5,"minecraft:stick":2,"minecraft:raw_iron":15,"minecraft:oak_fence":20,"minecraft:gravel":1,"minecraft:dandelion":1,"minecraft:jungle_planks":27,"minecraft:carrot":1,"minecraft:white_bed":4,"minecraft:spider_eye":1,"minecraft:arrow":6,"minecraft:rotten_flesh":18,"minecraft:stone_shovel":2,"minecraft:diamond":46,"minecraft:iron_helmet":1,"minecraft:granite":4,"minecraft:saddle":1,"minecraft:gold_ingot":1,"minecraft:oak_sapling":11,"minecraft:coal":15,"minecraft:cobblestone":16},"minecraft:mined":{"minecraft:tuff":17,"minecraft:white_bed":3,"minecraft:glass_pane":1,"minecraft:deepslate_diamond_ore":15,"minecraft:dandelion":1,"minecraft:oak_fence":4,"minecraft:crafting_table":4,"minecraft:granite":2,"minecraft:melon":10,"minecraft:grass_block":5,"minecraft:poppy":1,"minecraft:jungle_planks":3,"minecraft:tall_grass":7,"minecraft:fire":1,"minecraft:furnace":4,"minecraft:carrots":1,"minecraft:cobbled_deepslate":4,"minecraft:iron_ore":4,"minecraft:wheat":10,"minecraft:andesite":8,"minecraft:yellow_bed":7,"minecraft:grass":54,"minecraft:oak_log":26,"minecraft:coal_ore":6,"minecraft:deepslate_iron_ore":4,"minecraft:oak_fence_gate":1,"minecraft:gravel":1,"minecraft:dirt":63,"minecraft:tripwire_hook":1,"minecraft:stone":16,"minecraft:tripwire":3,"minecraft:deepslate":40,"minecraft:oak_leaves":6,"minecraft:fern":11},"minecraft:killed_by":{"minecraft:player":1,"minecraft:iron_golem":1},"minecraft:killed":{"minecraft:zombie_villager":1,"minecraft:spider":3,"minecraft:iron_golem":4,"minecraft:skeleton":4,"minecraft:zombie":7,"minecraft:chicken":1,"minecraft:cow":6},"minecraft:custom":{"minecraft:interact_with_furnace":14,"minecraft:mob_kills":27,"minecraft:animals_bred":4,"minecraft:interact_with_crafting_table":12,"minecraft:bell_ring":172,"minecraft:leave_game":1,"minecraft:time_since_death":75803,"minecraft:climb_one_cm":836,"minecraft:time_since_rest":75855,"minecraft:sprint_one_cm":254059,"minecraft:damage_taken":1377,"minecraft:walk_one_cm":189524,"minecraft:damage_blocked_by_shield":685,"minecraft:drop":52,"minecraft:damage_dealt":7209,"minecraft:swim_one_cm":31734,"minecraft:talked_to_villager":3,"minecraft:fly_one_cm":439181,"minecraft:open_chest":6,"minecraft:crouch_one_cm":4837,"minecraft:play_time":142308,"minecraft:deaths":2,"minecraft:sneak_time":2081,"minecraft:walk_under_water_one_cm":12817,"minecraft:jump":2071,"minecraft:walk_on_water_one_cm":31421,"minecraft:total_world_time":142308,"minecraft:fall_one_cm":53858},"minecraft:used":{"minecraft:wheat_seeds":8,"minecraft:oak_fence":22,"minecraft:stone_shovel":42,"minecraft:stone_pickaxe":66,"minecraft:shield":27,"minecraft:wooden_pickaxe":17,"minecraft:iron_sword":124,"minecraft:rotten_flesh":4,"minecraft:dirt":136,"minecraft:crafting_table":5,"minecraft:jungle_planks":3,"minecraft:carrot":1,"minecraft:white_bed":3,"minecraft:diamond_pickaxe":43,"minecraft:apple":1,"minecraft:string":9,"minecraft:melon_slice":33,"minecraft:chicken":1,"minecraft:iron_axe":111,"minecraft:bread":6,"minecraft:bow":4,"minecraft:tripwire_hook":1,"minecraft:cobblestone":5,"minecraft:oak_sapling":9,"minecraft:furnace":4,"minecraft:andesite":6,"minecraft:yellow_bed":7,"minecraft:cooked_beef":3,"minecraft:cobbled_deepslate":14,"minecraft:bone_meal":15},"minecraft:crafted":{"minecraft:cooked_beef":8,"minecraft:oak_planks":116,"minecraft:crafting_table":2,"minecraft:wooden_pickaxe":1,"minecraft:furnace":1,"minecraft:bone_meal":15,"minecraft:air":0,"minecraft:bow":1,"minecraft:iron_boots":1,"minecraft:diamond_pickaxe":1,"minecraft:iron_chestplate":1,"minecraft:shield":1,"minecraft:iron_axe":1,"minecraft:stick":68,"minecraft:iron_ingot":15,"minecraft:stone_pickaxe":1,"minecraft:iron_leggings":1,"minecraft:torch":16,"minecraft:oak_fence":42}},"DataVersion":3465}