{"stats":{"minecraft:killed":{"minecraft:spider":3,"minecraft:skeleton":5,"minecraft:chicken":1,"minecraft:zombie_villager":1,"minecraft:iron_golem":8,"minecraft:creeper":1,"minecraft:zombie":10,"minecraft:villager":2,"minecraft:cow":6},"minecraft:custom":{"minecraft:mob_kills":38,"minecraft:animals_bred":4,"minecraft:interact_with_crafting_table":17,"minecraft:open_barrel":12,"minecraft:bell_ring":251,"minecraft:leave_game":3,"minecraft:time_since_death":163971,"minecraft:climb_one_cm":836,"minecraft:sprint_one_cm":305967,"minecraft:walk_one_cm":449252,"minecraft:damage_blocked_by_shield":685,"minecraft:drop":82,"minecraft:talked_to_villager":48,"minecraft:play_time":230476,"minecraft:deaths":2,"minecraft:sneak_time":3371,"minecraft:walk_under_water_one_cm":13199,"minecraft:boat_one_cm":2423,"minecraft:jump":2621,"minecraft:walk_on_water_one_cm":39013,"minecraft:total_world_time":230476,"minecraft:interact_with_furnace":14,"minecraft:traded_with_villager":25,"minecraft:sleep_in_bed":1,"minecraft:time_since_rest":50004,"minecraft:damage_taken":1702,"minecraft:damage_dealt":11726,"minecraft:swim_one_cm":36856,"minecraft:fly_one_cm":521603,"minecraft:open_chest":13,"minecraft:crouch_one_cm":8749,"minecraft:fall_one_cm":68299},"minecraft:mined":{"minecraft:tuff":17,"minecraft:white_bed":3,"minecraft:deepslate_diamond_ore":15,"minecraft:granite":2,"minecraft:grass_block":371,"minecraft:jungle_planks":22,"minecraft:furnace":4,"minecraft:carrots":1,"minecraft:cobbled_deepslate":4,"minecraft:iron_ore":4,"minecraft:fire":1,"minecraft:barrel":14,"minecraft:andesite":8,"minecraft:deepslate_iron_ore":4,"minecraft:cobblestone_slab":14,"minecraft:stone":21,"minecraft:tripwire":3,"minecraft:jungle_trapdoor":3,"minecraft:glass_pane":1,"minecraft:dandelion":1,"minecraft:oak_fence":4,"minecraft:crafting_table":5,"minecraft:poppy":1,"minecraft:melon":10,"minecraft:tall_grass":8,"minecraft:cobblestone":25,"minecraft:wall_torch":1,"minecraft:wheat":38,"minecraft:yellow_bed":7,"minecraft:grass":77,"minecraft:oak_log":30,"minecraft:coal_ore":6,"minecraft:oak_fence_gate":2,"minecraft:gravel":1,"minecraft:dirt":395,"minecraft:tripwire_hook":1,"minecraft:oak_leaves":10,"minecraft:deepslate":40,"minecraft:fern":12},"minecraft:killed_by":{"minecraft:player":1,"minecraft:iron_golem":1},"minecraft:used":{"minecraft:oak_fence":22,"minecraft:stone_shovel":53,"minecraft:shield":27,"minecraft:iron_sword":182,"minecraft:rotten_flesh":4,"minecraft:dirt":155,"minecraft:jungle_planks":29,"minecraft:carrot":1,"minecraft:jungle_trapdoor":4,"minecraft:oak_fence_gate":2,"minecraft:iron_axe":188,"minecraft:barrel":15,"minecraft:tripwire_hook":1,"minecraft:bow":6,"minecraft:oak_sapling":9,"minecraft:furnace":5,"minecraft:cooked_beef":3,"minecraft:cobbled_deepslate":14,"minecraft:wheat_seeds":36,"minecraft:stone_pickaxe":66,"minecraft:wooden_pickaxe":17,"minecraft:cobblestone_slab":19,"minecraft:crafting_table":7,"minecraft:spider_eye":1,"minecraft:white_bed":3,"minecraft:diamond_pickaxe":94,"minecraft:apple":2,"minecraft:diamond_shovel":694,"minecraft:string":10,"minecraft:chicken":1,"minecraft:melon_slice":53,"minecraft:bread":6,"minecraft:oak_button":1,"minecraft:cobblestone":18,"minecraft:andesite":6,"minecraft:yellow_bed":7,"minecraft:oak_boat":4,"minecraft:bone_meal":15},"minecraft:picked_up":{"minecraft:iron_chestplate":1,"minecraft:crafting_table":6,"minecraft:wheat":33,"minecraft:azure_bluet":1,"minecraft:chicken":2,"minecraft:cornflower":1,"minecraft:jungle_trapdoor":4,"minecraft:string":2781,"minecraft:cobbled_deepslate":45,"minecraft:beef":14,"minecraft:oak_boat":5,"minecraft:cobblestone_slab":20,"minecraft:poppy":12,"minecraft:melon_slice":69,"minecraft:egg":1,"minecraft:furnace":5,"minecraft:stick":3,"minecraft:raw_iron":15,"minecraft:oak_fence":20,"minecraft:torch":15,"minecraft:carrot":1,"minecraft:rotten_flesh":18,"minecraft:arrow":6,"minecraft:stone_shovel":2,"minecraft:saddle":1,"minecraft:gold_ingot":1,"minecraft:cobblestone":46,"minecraft:feather":2,"minecraft:cooked_beef":5,"minecraft:tripwire_hook":1,"minecraft:andesite":13,"minecraft:leather":14,"minecraft:tuff":15,"minecraft:oak_log":33,"minecraft:yellow_bed":7,"minecraft:dirt":807,"minecraft:bone":8,"minecraft:apple":2,"minecraft:wheat_seeds":112,"minecraft:stone_pickaxe":2,"minecraft:oak_fence_gate":3,"minecraft:iron_ingot":34,"minecraft:oak_planks":3,"minecraft:iron_sword":1,"minecraft:dandelion":8,"minecraft:gravel":1,"minecraft:jungle_planks":43,"minecraft:white_bed":4,"minecraft:grass_block":1,"minecraft:barrel":16,"minecraft:spider_eye":3,"minecraft:diamond":46,"minecraft:iron_helmet":1,"minecraft:granite":4,"minecraft:oak_button":1,"minecraft:oak_sapling":12,"minecraft:coal":15,"minecraft:diamond_pickaxe":1},"minecraft:dropped":{"minecraft:iron_ingot":27,"minecraft:bread":8,"minecraft:wheat_seeds":6,"minecraft:diamond":29,"minecraft:cobblestone":7,"minecraft:dirt":1,"minecraft:torch":16,"minecraft:melon_slice":16,"minecraft:string":64,"minecraft:jungle_trapdoor":1,"minecraft:oak_fence_gate":1,"minecraft:diamond_pickaxe":1,"minecraft:barrel":1,"minecraft:spider_eye":2,"minecraft:stone_pickaxe":2},"minecraft:broken":{"minecraft:iron_axe":1},"minecraft:crafted":{"minecraft:oak_planks":132,"minecraft:furnace":1,"minecraft:jungle_trapdoor":2,"minecraft:diamond_shovel":3,"minecraft:bone_meal":15,"minecraft:bow":1,"minecraft:iron_boots":1,"minecraft:iron_axe":1,"minecraft:stone_pickaxe":1,"minecraft:oak_fence":42,"minecraft:cooked_beef":8,"minecraft:emerald":25,"minecraft:crafting_table":2,"minecraft:wooden_pickaxe":1,"minecraft:bread":8,"minecraft:air":0,"minecraft:iron_chestplate":1,"minecraft:diamond_pickaxe":1,"minecraft:shield":1,"minecraft:stick":68,"minecraft:iron_ingot":15,"minecraft:iron_leggings":1,"minecraft:torch":16}},"DataVersion":3465}