{"stats":{"minecraft:picked_up":{"minecraft:raw_iron":4,"minecraft:crafting_table":2,"minecraft:feather":1,"minecraft:chicken":1,"minecraft:andesite":8,"minecraft:leather":6,"minecraft:oak_log":3,"minecraft:yellow_bed":7,"minecraft:white_bed":3,"minecraft:dirt":8,"minecraft:rotten_flesh":2,"minecraft:wheat_seeds":5,"minecraft:granite":2,"minecraft:beef":8,"minecraft:poppy":1,"minecraft:coal":15,"minecraft:cobblestone":16,"minecraft:furnace":2},"minecraft:mined":{"minecraft:white_bed":3,"minecraft:furnace":2,"minecraft:iron_ore":4,"minecraft:andesite":8,"minecraft:yellow_bed":7,"minecraft:crafting_table":2,"minecraft:granite":2,"minecraft:grass":35,"minecraft:grass_block":5,"minecraft:coal_ore":6,"minecraft:poppy":1,"minecraft:dirt":3,"minecraft:tall_grass":6,"minecraft:stone":16,"minecraft:fern":8},"minecraft:killed_by":{"minecraft:player":1},"minecraft:killed":{"minecraft:zombie":1,"minecraft:chicken":1,"minecraft:cow":4},"minecraft:custom":{"minecraft:time_since_rest":51360,"minecraft:interact_with_furnace":4,"minecraft:sprint_one_cm":88091,"minecraft:damage_taken":604,"minecraft:walk_one_cm":43299,"minecraft:mob_kills":6,"minecraft:damage_dealt":935,"minecraft:talked_to_villager":2,"minecraft:swim_one_cm":17676,"minecraft:interact_with_crafting_table":3,"minecraft:fly_one_cm":171891,"minecraft:open_chest":6,"minecraft:crouch_one_cm":838,"minecraft:play_time":52308,"minecraft:deaths":1,"minecraft:sneak_time":302,"minecraft:walk_under_water_one_cm":4277,"minecraft:jump":696,"minecraft:leave_game":1,"minecraft:walk_on_water_one_cm":5306,"minecraft:time_since_death":51333,"minecraft:total_world_time":52308,"minecraft:fall_one_cm":18882},"minecraft:used":{"minecraft:bread":5,"minecraft:stone_pickaxe":24,"minecraft:wooden_pickaxe":17,"minecraft:iron_sword":41,"minecraft:dirt":8,"minecraft:cobblestone":5,"minecraft:crafting_table":2,"minecraft:furnace":2,"minecraft:andesite":3,"minecraft:yellow_bed":1,"minecraft:cooked_beef":3},"minecraft:crafted":{"minecraft:cooked_beef":8,"minecraft:oak_planks":12,"minecraft:stick":4,"minecraft:wooden_pickaxe":1,"minecraft:stone_pickaxe":1,"minecraft:furnace":1,"minecraft:air":0}},"DataVersion":3465}