{"stats":{"minecraft:broken":{"minecraft:diamond_shovel":1,"minecraft:fishing_rod":1,"minecraft:iron_hoe":2,"minecraft:iron_axe":1,"minecraft:iron_pickaxe":1},"minecraft:dropped":{"minecraft:iron_sword":2,"minecraft:diamond":40,"minecraft:jungle_planks":8,"minecraft:dirt":469,"minecraft:cornflower":2,"minecraft:jungle_sapling":1,"minecraft:gold_nugget":6,"minecraft:sand":1,"minecraft:bone":5,"minecraft:wheat":85,"minecraft:diamond_shovel":3,"minecraft:jungle_trapdoor":2,"minecraft:white_bed":2,"minecraft:carrot":2,"minecraft:oak_fence_gate":1,"minecraft:netherrack":90,"minecraft:water_bucket":1,"minecraft:iron_ingot":49,"minecraft:bread":358,"minecraft:wheat_seeds":22,"minecraft:diamond_leggings":1,"minecraft:iron_helmet":4,"minecraft:feather":1,"minecraft:cobblestone":12,"minecraft:grass_block":2,"minecraft:stick":1,"minecraft:pufferfish":1,"minecraft:ink_sac":2,"minecraft:torch":16,"minecraft:melon_slice":16,"minecraft:diamond_helmet":1,"minecraft:string":269,"minecraft:dandelion":9,"minecraft:blaze_rod":1,"minecraft:stone_slab":1,"minecraft:nether_bricks":1,"minecraft:flint_and_steel":1,"minecraft:filled_map":1,"minecraft:diamond_pickaxe":2,"minecraft:yellow_bed":1,"minecraft:oak_sapling":1,"minecraft:barrel":1,"minecraft:spider_eye":4,"minecraft:diamond_boots":1,"minecraft:stone_pickaxe":2},"minecraft:crafted":{"minecraft:oak_planks":136,"minecraft:blaze_powder":8,"minecraft:diamond_shovel":3,"minecraft:diamond_helmet":3,"minecraft:diamond_leggings":3,"minecraft:bow":1,"minecraft:iron_boots":1,"minecraft:chest":1,"minecraft:rail":128,"minecraft:oak_fence":48,"minecraft:emerald":164,"minecraft:diamond_axe":2,"minecraft:crafting_table":4,"minecraft:wooden_pickaxe":1,"minecraft:iron_helmet":4,"minecraft:iron_chestplate":1,"minecraft:diamond_pickaxe":2,"minecraft:shield":1,"minecraft:stick":300,"minecraft:iron_ingot":15,"minecraft:iron_pickaxe":1,"minecraft:acacia_chest_boat":1,"minecraft:fishing_rod":3,"minecraft:diamond_hoe":2,"minecraft:furnace":1,"minecraft:jungle_trapdoor":2,"minecraft:bone_meal":24,"minecraft:iron_axe":1,"minecraft:iron_hoe":2,"minecraft:stone_pickaxe":1,"minecraft:diamond_boots":2,"minecraft:jungle_fence":168,"minecraft:cooked_beef":12,"minecraft:cooked_cod":4,"minecraft:acacia_trapdoor":2,"minecraft:cooked_salmon":1,"minecraft:acacia_boat":2,"minecraft:bread":377,"minecraft:air":0,"minecraft:jungle_planks":392,"minecraft:oak_fence_gate":1,"minecraft:iron_leggings":1,"minecraft:acacia_planks":24,"minecraft:torch":60,"minecraft:diamond_chestplate":1},"minecraft:picked_up":{"minecraft:iron_chestplate":2,"minecraft:wheat":541,"minecraft:stone_slab":3,"minecraft:lead":2,"minecraft:string":5447,"minecraft:pufferfish":2,"minecraft:diamond_leggings":3,"minecraft:gold_nugget":6,"minecraft:cobbled_deepslate":243,"minecraft:bucket":2,"minecraft:cobblestone_slab":25,"minecraft:enchanted_golden_apple":1,"minecraft:melon_slice":69,"minecraft:furnace":5,"minecraft:stick":6,"minecraft:composter":7,"minecraft:oak_fence":22,"minecraft:torch":22,"minecraft:acacia_log":6,"minecraft:rotten_flesh":48,"minecraft:blaze_rod":5,"minecraft:obsidian":7,"minecraft:cod":10,"minecraft:blaze_powder":8,"minecraft:cobblestone":63,"minecraft:feather":2,"minecraft:cooked_beef":8,"minecraft:jungle_log":98,"minecraft:water_bucket":4,"minecraft:andesite":13,"minecraft:potato":16,"minecraft:tuff":27,"minecraft:acacia_boat":10,"minecraft:dirt":1136,"minecraft:bone":26,"minecraft:acacia_planks":35,"minecraft:wheat_seeds":1754,"minecraft:diamond_helmet":2,"minecraft:oak_planks":5,"minecraft:jungle_planks":126,"minecraft:sand":5,"minecraft:ink_sac":2,"minecraft:grass_block":2,"minecraft:barrel":16,"minecraft:diamond":88,"minecraft:granite":4,"minecraft:bread":198,"minecraft:acacia_chest_boat":1,"minecraft:emerald":65,"minecraft:oak_sapling":12,"minecraft:netherrack":205,"minecraft:diamond_pickaxe":3,"minecraft:crafting_table":6,"minecraft:azure_bluet":1,"minecraft:chicken":2,"minecraft:pink_wool":2,"minecraft:diamond_horse_armor":1,"minecraft:shield":1,"minecraft:cornflower":2,"minecraft:jungle_trapdoor":4,"minecraft:flint_and_steel":1,"minecraft:beef":36,"minecraft:oak_boat":7,"minecraft:jungle_sapling":1,"minecraft:poppy":12,"minecraft:minecart":7,"minecraft:egg":2,"minecraft:diamond_hoe":1,"minecraft:raw_iron":15,"minecraft:carrot":32,"minecraft:redstone":8,"minecraft:diamond_chestplate":1,"minecraft:stone_shovel":3,"minecraft:arrow":9,"minecraft:nether_bricks":1,"minecraft:diamond_boots":4,"minecraft:saddle":1,"minecraft:gold_ingot":1,"minecraft:mutton":11,"minecraft:white_wool":7,"minecraft:rail":64,"minecraft:tripwire_hook":1,"minecraft:salmon":2,"minecraft:leather":22,"minecraft:jungle_fence":40,"minecraft:filled_map":1,"minecraft:oak_log":36,"minecraft:yellow_bed":8,"minecraft:apple":2,"minecraft:kelp":4,"minecraft:acacia_trapdoor":4,"minecraft:oak_fence_gate":3,"minecraft:iron_ingot":41,"minecraft:stone_pickaxe":2,"minecraft:iron_sword":8,"minecraft:dandelion":11,"minecraft:gravel":3,"minecraft:white_bed":8,"minecraft:spider_eye":8,"minecraft:diamond_shovel":4,"minecraft:iron_helmet":1,"minecraft:diamond_axe":3,"minecraft:oak_button":1,"minecraft:coal":58,"minecraft:ender_pearl":2},"minecraft:killed_by":{"minecraft:zombie":1,"minecraft:player":4,"minecraft:iron_golem":1},"minecraft:killed":{"minecraft:spider":13,"minecraft:skeleton":12,"minecraft:chicken":1,"minecraft:zombie_villager":1,"minecraft:iron_golem":9,"minecraft:creeper":5,"minecraft:sheep":1,"minecraft:zombie":38,"minecraft:cow":8,"minecraft:blaze":12,"minecraft:phantom":1,"minecraft:wither_skeleton":2,"minecraft:villager":4,"minecraft:enderman":2},"minecraft:custom":{"minecraft:animals_bred":4,"minecraft:interact_with_crafting_table":51,"minecraft:open_barrel":23,"minecraft:bell_ring":398,"minecraft:leave_game":16,"minecraft:time_since_death":79458,"minecraft:sprint_one_cm":2000952,"minecraft:damage_blocked_by_shield":1070,"minecraft:drop":612,"minecraft:talked_to_villager":157,"minecraft:play_time":916023,"minecraft:deaths":17,"minecraft:jump":11709,"minecraft:walk_on_water_one_cm":108971,"minecraft:interact_with_furnace":34,"minecraft:traded_with_villager":177,"minecraft:sleep_in_bed":16,"minecraft:damage_dealt":28179,"minecraft:crouch_one_cm":26045,"minecraft:mob_kills":114,"minecraft:climb_one_cm":9465,"minecraft:walk_one_cm":2129089,"minecraft:sneak_time":9373,"minecraft:walk_under_water_one_cm":46641,"minecraft:boat_one_cm":181496,"minecraft:total_world_time":916023,"minecraft:interact_with_grindstone":1,"minecraft:time_since_rest":55624,"minecraft:damage_taken":129888,"minecraft:damage_absorbed":10,"minecraft:minecart_one_cm":43844,"minecraft:swim_one_cm":287973,"minecraft:fly_one_cm":2565598,"minecraft:open_chest":80,"minecraft:fish_caught":11,"minecraft:fall_one_cm":1552127},"minecraft:used":{"minecraft:diamond_hoe":387,"minecraft:shield":44,"minecraft:iron_sword":395,"minecraft:rotten_flesh":4,"minecraft:jungle_planks":118,"minecraft:carrot":22,"minecraft:obsidian":15,"minecraft:bow":6,"minecraft:furnace":5,"minecraft:oak_sapling":9,"minecraft:cooked_cod":4,"minecraft:egg":1,"minecraft:potato":12,"minecraft:diamond_boots":3,"minecraft:acacia_trapdoor":6,"minecraft:stone_pickaxe":66,"minecraft:jungle_fence":134,"minecraft:oak_planks":4,"minecraft:wooden_pickaxe":17,"minecraft:composter":7,"minecraft:diamond_axe":584,"minecraft:white_wool":7,"minecraft:golden_apple":1,"minecraft:sand":2,"minecraft:bread":128,"minecraft:melon_slice":53,"minecraft:string":11,"minecraft:pufferfish":1,"minecraft:andesite":6,"minecraft:oak_boat":7,"minecraft:bone_meal":24,"minecraft:oak_fence":28,"minecraft:stone_shovel":69,"minecraft:cooked_salmon":1,"minecraft:netherrack":25,"minecraft:torch":16,"minecraft:dirt":264,"minecraft:diamond_helmet":4,"minecraft:jungle_trapdoor":4,"minecraft:oak_fence_gate":3,"minecraft:iron_hoe":508,"minecraft:iron_axe":188,"minecraft:barrel":15,"minecraft:diamond_chestplate":2,"minecraft:tripwire_hook":1,"minecraft:minecart":8,"minecraft:cooked_beef":15,"minecraft:cobbled_deepslate":77,"minecraft:acacia_planks":71,"minecraft:wheat_seeds":1341,"minecraft:acacia_boat":9,"minecraft:water_bucket":31,"minecraft:baked_potato":11,"minecraft:cobblestone_slab":21,"minecraft:rail":64,"minecraft:crafting_table":9,"minecraft:spider_eye":1,"minecraft:white_bed":4,"minecraft:diamond_pickaxe":241,"minecraft:apple":8,"minecraft:diamond_shovel":1624,"minecraft:chicken":1,"minecraft:oak_button":1,"minecraft:iron_pickaxe":249,"minecraft:acacia_chest_boat":1,"minecraft:fishing_rod":38,"minecraft:cobblestone":29,"minecraft:bucket":31,"minecraft:yellow_bed":7,"minecraft:dandelion":1,"minecraft:diamond_leggings":3},"minecraft:mined":{"minecraft:white_bed":7,"minecraft:farmland":3,"minecraft:jungle_leaves":2,"minecraft:obsidian":7,"minecraft:granite":2,"minecraft:acacia_log":12,"minecraft:grass_block":910,"minecraft:jungle_log":98,"minecraft:composter":7,"minecraft:cobbled_deepslate":6,"minecraft:iron_ore":4,"minecraft:fire":50,"minecraft:barrel":15,"minecraft:tripwire":3,"minecraft:jungle_trapdoor":3,"minecraft:deepslate_redstone_ore":2,"minecraft:torch":1,"minecraft:poppy":1,"minecraft:melon":10,"minecraft:glass":4,"minecraft:cobblestone":28,"minecraft:oak_planks":2,"minecraft:wall_torch":7,"minecraft:wheat":601,"minecraft:grass":377,"minecraft:oak_log":33,"minecraft:oak_fence_gate":2,"minecraft:sand":3,"minecraft:dirt":830,"minecraft:tripwire_hook":1,"minecraft:netherrack":79,"minecraft:oak_leaves":10,"minecraft:deepslate":239,"minecraft:tuff":29,"minecraft:deepslate_diamond_ore":50,"minecraft:nether_bricks":1,"minecraft:jungle_planks":72,"minecraft:kelp":2,"minecraft:furnace":4,"minecraft:carrots":9,"minecraft:acacia_trapdoor":4,"minecraft:andesite":8,"minecraft:potatoes":11,"minecraft:deepslate_iron_ore":4,"minecraft:cobblestone_slab":16,"minecraft:vine":20,"minecraft:rail":51,"minecraft:stone":32,"minecraft:acacia_leaves":1,"minecraft:glass_pane":1,"minecraft:basalt":9,"minecraft:dandelion":3,"minecraft:oak_fence":5,"minecraft:crafting_table":5,"minecraft:stone_slab":1,"minecraft:tall_grass":53,"minecraft:jungle_fence":3,"minecraft:yellow_bed":8,"minecraft:coal_ore":6,"minecraft:gravel":3,"minecraft:acacia_planks":38,"minecraft:fern":13}},"DataVersion":3465}