{"stats":{"minecraft:crafted":{"minecraft:oak_planks":132,"minecraft:diamond_hoe":2,"minecraft:furnace":1,"minecraft:jungle_trapdoor":2,"minecraft:bone_meal":24,"minecraft:diamond_shovel":3,"minecraft:bow":1,"minecraft:iron_boots":1,"minecraft:iron_axe":1,"minecraft:iron_hoe":2,"minecraft:stone_pickaxe":1,"minecraft:jungle_fence":168,"minecraft:oak_fence":48,"minecraft:cooked_beef":8,"minecraft:emerald":25,"minecraft:diamond_axe":1,"minecraft:crafting_table":3,"minecraft:wooden_pickaxe":1,"minecraft:bread":38,"minecraft:air":0,"minecraft:jungle_planks":392,"minecraft:oak_fence_gate":1,"minecraft:iron_chestplate":1,"minecraft:diamond_pickaxe":1,"minecraft:shield":1,"minecraft:stick":268,"minecraft:iron_ingot":15,"minecraft:iron_leggings":1,"minecraft:torch":60},"minecraft:killed":{"minecraft:spider":7,"minecraft:skeleton":6,"minecraft:chicken":1,"minecraft:zombie_villager":1,"minecraft:iron_golem":8,"minecraft:creeper":3,"minecraft:zombie":17,"minecraft:villager":2,"minecraft:cow":8},"minecraft:killed_by":{"minecraft:player":1,"minecraft:iron_golem":1},"minecraft:mined":{"minecraft:tuff":17,"minecraft:white_bed":3,"minecraft:farmland":3,"minecraft:deepslate_diamond_ore":15,"minecraft:jungle_leaves":1,"minecraft:granite":2,"minecraft:grass_block":900,"minecraft:jungle_planks":22,"minecraft:jungle_log":98,"minecraft:furnace":4,"minecraft:carrots":9,"minecraft:cobbled_deepslate":4,"minecraft:iron_ore":4,"minecraft:fire":1,"minecraft:barrel":14,"minecraft:andesite":8,"minecraft:potatoes":11,"minecraft:deepslate_iron_ore":4,"minecraft:cobblestone_slab":14,"minecraft:vine":6,"minecraft:stone":32,"minecraft:tripwire":3,"minecraft:jungle_trapdoor":3,"minecraft:glass_pane":1,"minecraft:dandelion":2,"minecraft:oak_fence":5,"minecraft:crafting_table":5,"minecraft:poppy":1,"minecraft:melon":10,"minecraft:tall_grass":45,"minecraft:cobblestone":25,"minecraft:wall_torch":1,"minecraft:wheat":265,"minecraft:jungle_fence":3,"minecraft:yellow_bed":7,"minecraft:grass":268,"minecraft:oak_log":30,"minecraft:coal_ore":6,"minecraft:oak_fence_gate":2,"minecraft:gravel":1,"minecraft:dirt":821,"minecraft:tripwire_hook":1,"minecraft:oak_leaves":10,"minecraft:deepslate":40,"minecraft:fern":13},"minecraft:dropped":{"minecraft:iron_ingot":27,"minecraft:bread":8,"minecraft:wheat_seeds":6,"minecraft:diamond":29,"minecraft:feather":1,"minecraft:cobblestone":12,"minecraft:grass_block":1,"minecraft:dirt":469,"minecraft:torch":16,"minecraft:melon_slice":16,"minecraft:string":64,"minecraft:wheat":64,"minecraft:jungle_trapdoor":1,"minecraft:carrot":2,"minecraft:oak_fence_gate":1,"minecraft:diamond_pickaxe":1,"minecraft:oak_sapling":1,"minecraft:barrel":1,"minecraft:spider_eye":4,"minecraft:stone_pickaxe":2},"minecraft:broken":{"minecraft:diamond_shovel":1,"minecraft:iron_axe":1,"minecraft:iron_hoe":2},"minecraft:picked_up":{"minecraft:crafting_table":6,"minecraft:iron_chestplate":1,"minecraft:wheat":189,"minecraft:azure_bluet":1,"minecraft:chicken":2,"minecraft:cornflower":1,"minecraft:jungle_trapdoor":4,"minecraft:string":2786,"minecraft:cobbled_deepslate":45,"minecraft:bucket":1,"minecraft:beef":20,"minecraft:oak_boat":5,"minecraft:cobblestone_slab":20,"minecraft:jungle_sapling":1,"minecraft:poppy":12,"minecraft:melon_slice":69,"minecraft:furnace":5,"minecraft:egg":2,"minecraft:stick":5,"minecraft:raw_iron":15,"minecraft:oak_fence":21,"minecraft:torch":15,"minecraft:carrot":19,"minecraft:rotten_flesh":20,"minecraft:stone_shovel":2,"minecraft:arrow":6,"minecraft:saddle":1,"minecraft:gold_ingot":1,"minecraft:cobblestone":57,"minecraft:feather":2,"minecraft:cooked_beef":5,"minecraft:tripwire_hook":1,"minecraft:jungle_log":98,"minecraft:andesite":13,"minecraft:leather":14,"minecraft:jungle_fence":3,"minecraft:potato":12,"minecraft:tuff":15,"minecraft:oak_log":33,"minecraft:yellow_bed":7,"minecraft:dirt":1087,"minecraft:bone":8,"minecraft:apple":2,"minecraft:wheat_seeds":684,"minecraft:stone_pickaxe":2,"minecraft:iron_ingot":36,"minecraft:oak_fence_gate":3,"minecraft:iron_sword":1,"minecraft:oak_planks":3,"minecraft:dandelion":10,"minecraft:gravel":1,"minecraft:jungle_planks":43,"minecraft:white_bed":4,"minecraft:grass_block":1,"minecraft:barrel":16,"minecraft:spider_eye":7,"minecraft:diamond":46,"minecraft:iron_helmet":1,"minecraft:granite":4,"minecraft:oak_button":1,"minecraft:oak_sapling":12,"minecraft:coal":41,"minecraft:diamond_pickaxe":1},"minecraft:custom":{"minecraft:mob_kills":55,"minecraft:animals_bred":4,"minecraft:interact_with_crafting_table":31,"minecraft:open_barrel":15,"minecraft:bell_ring":252,"minecraft:leave_game":3,"minecraft:time_since_death":271237,"minecraft:climb_one_cm":2837,"minecraft:sprint_one_cm":606469,"minecraft:walk_one_cm":1027807,"minecraft:damage_blocked_by_shield":685,"minecraft:drop":104,"minecraft:talked_to_villager":49,"minecraft:play_time":337742,"minecraft:deaths":2,"minecraft:sneak_time":4179,"minecraft:walk_under_water_one_cm":14687,"minecraft:boat_one_cm":5130,"minecraft:jump":3953,"minecraft:walk_on_water_one_cm":45273,"minecraft:total_world_time":337742,"minecraft:interact_with_furnace":15,"minecraft:traded_with_villager":25,"minecraft:sleep_in_bed":1,"minecraft:time_since_rest":157270,"minecraft:damage_taken":2244,"minecraft:minecart_one_cm":445,"minecraft:damage_dealt":14859,"minecraft:swim_one_cm":52334,"minecraft:fly_one_cm":833669,"minecraft:open_chest":23,"minecraft:crouch_one_cm":12215,"minecraft:fall_one_cm":106672},"minecraft:used":{"minecraft:oak_fence":28,"minecraft:stone_shovel":53,"minecraft:diamond_hoe":384,"minecraft:shield":27,"minecraft:iron_sword":252,"minecraft:rotten_flesh":4,"minecraft:torch":14,"minecraft:dirt":220,"minecraft:jungle_planks":35,"minecraft:carrot":17,"minecraft:jungle_trapdoor":4,"minecraft:oak_fence_gate":3,"minecraft:iron_hoe":508,"minecraft:iron_axe":188,"minecraft:barrel":15,"minecraft:tripwire_hook":1,"minecraft:bow":6,"minecraft:oak_sapling":9,"minecraft:furnace":5,"minecraft:egg":1,"minecraft:cooked_beef":8,"minecraft:potato":12,"minecraft:cobbled_deepslate":14,"minecraft:wheat_seeds":720,"minecraft:water_bucket":31,"minecraft:stone_pickaxe":66,"minecraft:jungle_fence":132,"minecraft:wooden_pickaxe":17,"minecraft:diamond_axe":205,"minecraft:cobblestone_slab":19,"minecraft:crafting_table":8,"minecraft:spider_eye":1,"minecraft:white_bed":3,"minecraft:diamond_pickaxe":105,"minecraft:apple":8,"minecraft:diamond_shovel":1624,"minecraft:string":10,"minecraft:chicken":1,"minecraft:oak_button":1,"minecraft:bread":18,"minecraft:melon_slice":53,"minecraft:cobblestone":29,"minecraft:andesite":6,"minecraft:bucket":31,"minecraft:yellow_bed":7,"minecraft:oak_boat":5,"minecraft:bone_meal":24}},"DataVersion":3465}