{"stats":{"minecraft:broken":{"minecraft:stone_axe":1},"minecraft:dropped":{"minecraft:stone_hoe":1,"minecraft:bread":64,"minecraft:wheat_seeds":27,"minecraft:oak_pressure_plate":1,"minecraft:oak_fence":1,"minecraft:leather":7,"minecraft:stick":8,"minecraft:dirt":18,"minecraft:brown_wool":1,"minecraft:sand":31,"minecraft:string":1332,"minecraft:white_wool":4,"minecraft:bone":2,"minecraft:gravel":26,"minecraft:stone_axe":1,"minecraft:stone_shovel":2,"minecraft:white_carpet":2,"minecraft:rotten_flesh":7,"minecraft:poppy":2,"minecraft:acacia_sapling":4,"minecraft:spider_eye":1,"minecraft:bow":1,"minecraft:arrow":6,"minecraft:wooden_pickaxe":2,"minecraft:stone_pickaxe":1,"minecraft:acacia_fence":2},"minecraft:crafted":{"minecraft:stone_shovel":2,"minecraft:cooked_chicken":2,"minecraft:furnace":4,"minecraft:bone_meal":3,"minecraft:white_carpet":3,"minecraft:cooked_mutton":24,"minecraft:glass":14,"minecraft:diamond_helmet":1,"minecraft:diamond_leggings":1,"minecraft:stone_pickaxe":3,"minecraft:chest":2,"minecraft:diamond_boots":1,"minecraft:acacia_fence":3,"minecraft:stone_hoe":1,"minecraft:cooked_beef":13,"minecraft:emerald":153,"minecraft:crafting_table":3,"minecraft:acacia_slab":24,"minecraft:wooden_pickaxe":2,"minecraft:iron_sword":2,"minecraft:acacia_trapdoor":8,"minecraft:bucket":1,"minecraft:stone_axe":2,"minecraft:bread":96,"minecraft:acacia_boat":2,"minecraft:air":0,"minecraft:jungle_planks":28,"minecraft:stick":104,"minecraft:iron_ingot":28,"minecraft:iron_pickaxe":1,"minecraft:white_bed":1,"minecraft:acacia_planks":208,"minecraft:torch":296,"minecraft:diamond_chestplate":1},"minecraft:picked_up":{"minecraft:crafting_table":9,"minecraft:chicken":2,"minecraft:ladder":2,"minecraft:string":3929,"minecraft:white_carpet":4,"minecraft:cobbled_deepslate":16,"minecraft:beef":19,"minecraft:light_gray_wool":2,"minecraft:poppy":2,"minecraft:sugar_cane":6,"minecraft:chest":1,"minecraft:furnace":6,"minecraft:stick":2,"minecraft:raw_iron":39,"minecraft:composter":1,"minecraft:oak_fence":1,"minecraft:torch":18,"minecraft:acacia_log":64,"minecraft:porkchop":9,"minecraft:carrot":8,"minecraft:redstone":194,"minecraft:cauldron":3,"minecraft:arrow":8,"minecraft:rotten_flesh":7,"minecraft:mutton":30,"minecraft:white_wool":20,"minecraft:cobblestone":50,"minecraft:andesite":5,"minecraft:jungle_log":7,"minecraft:brown_wool":1,"minecraft:leather":15,"minecraft:oak_log":4,"minecraft:yellow_bed":1,"minecraft:acacia_boat":6,"minecraft:dirt":116,"minecraft:cooked_mutton":1,"minecraft:glass":51,"minecraft:bone":7,"minecraft:acacia_planks":61,"minecraft:kelp":1,"minecraft:bow":1,"minecraft:wheat_seeds":28,"minecraft:acacia_trapdoor":3,"minecraft:raw_gold":13,"minecraft:iron_ingot":3,"minecraft:acacia_sapling":5,"minecraft:oak_planks":2,"minecraft:oak_pressure_plate":1,"minecraft:gravel":35,"minecraft:jungle_planks":9,"minecraft:sand":58,"minecraft:white_bed":8,"minecraft:spider_eye":1,"minecraft:diamond":6,"minecraft:granite":2,"minecraft:acacia_slab":2,"minecraft:coal":103},"minecraft:killed":{"minecraft:spider":3,"minecraft:skeleton":10,"minecraft:chicken":2,"minecraft:drowned":1,"minecraft:pig":4,"minecraft:iron_golem":1,"minecraft:creeper":3,"minecraft:sheep":16,"minecraft:zombie":14,"minecraft:cow":10},"minecraft:custom":{"minecraft:mob_kills":64,"minecraft:interact_with_crafting_table":40,"minecraft:open_barrel":1,"minecraft:leave_game":4,"minecraft:time_since_death":144493,"minecraft:climb_one_cm":1180,"minecraft:sprint_one_cm":296580,"minecraft:walk_one_cm":416245,"minecraft:drop":79,"minecraft:talked_to_villager":29,"minecraft:play_time":144493,"minecraft:sneak_time":16758,"minecraft:walk_under_water_one_cm":17976,"minecraft:boat_one_cm":111748,"minecraft:jump":2521,"minecraft:walk_on_water_one_cm":44594,"minecraft:total_world_time":144493,"minecraft:interact_with_furnace":65,"minecraft:traded_with_villager":175,"minecraft:sleep_in_bed":6,"minecraft:time_since_rest":81615,"minecraft:damage_taken":1362,"minecraft:damage_dealt":9770,"minecraft:swim_one_cm":72889,"minecraft:fly_one_cm":521154,"minecraft:open_chest":21,"minecraft:crouch_one_cm":39107,"minecraft:fall_one_cm":65699},"minecraft:used":{"minecraft:acacia_log":12,"minecraft:stone_shovel":143,"minecraft:ladder":2,"minecraft:chest":3,"minecraft:iron_sword":198,"minecraft:stone_hoe":136,"minecraft:torch":183,"minecraft:dirt":82,"minecraft:white_carpet":5,"minecraft:carrot":8,"minecraft:acacia_sapling":1,"minecraft:granite":2,"minecraft:glass":14,"minecraft:acacia_slab":6,"minecraft:light_gray_wool":1,"minecraft:furnace":8,"minecraft:acacia_fence":1,"minecraft:cooked_beef":6,"minecraft:cobbled_deepslate":8,"minecraft:acacia_planks":119,"minecraft:cooked_mutton":25,"minecraft:acacia_boat":5,"minecraft:water_bucket":52,"minecraft:acacia_trapdoor":10,"minecraft:stone_pickaxe":204,"minecraft:oak_planks":2,"minecraft:wooden_pickaxe":20,"minecraft:composter":1,"minecraft:sugar_cane":6,"minecraft:white_wool":6,"minecraft:crafting_table":10,"minecraft:white_bed":9,"minecraft:string":1,"minecraft:iron_pickaxe":74,"minecraft:gravel":9,"minecraft:stone_axe":203,"minecraft:andesite":5,"minecraft:bucket":53,"minecraft:yellow_bed":1,"minecraft:kelp":1,"minecraft:bone_meal":3},"minecraft:mined":{"minecraft:white_bed":5,"minecraft:deepslate_diamond_ore":6,"minecraft:ladder":2,"minecraft:granite":2,"minecraft:acacia_log":65,"minecraft:grass_block":112,"minecraft:jungle_log":7,"minecraft:acacia_slab":2,"minecraft:composter":1,"minecraft:kelp":1,"minecraft:redstone_ore":4,"minecraft:furnace":6,"minecraft:carrots":4,"minecraft:acacia_trapdoor":1,"minecraft:iron_ore":25,"minecraft:andesite":1,"minecraft:water_cauldron":3,"minecraft:deepslate_iron_ore":13,"minecraft:stone":51,"minecraft:white_wool":6,"minecraft:tripwire":1,"minecraft:deepslate_redstone_ore":38,"minecraft:acacia_leaves":7,"minecraft:oak_fence":1,"minecraft:crafting_table":9,"minecraft:torch":13,"minecraft:chest":1,"minecraft:glass":2,"minecraft:tall_grass":4,"minecraft:deepslate_gold_ore":13,"minecraft:sugar_cane":3,"minecraft:oak_planks":2,"minecraft:wall_torch":2,"minecraft:seagrass":1,"minecraft:white_carpet":1,"minecraft:light_gray_wool":1,"minecraft:grass":183,"minecraft:oak_log":4,"minecraft:coal_ore":103,"minecraft:gravel":11,"minecraft:sand":27,"minecraft:dirt":1,"minecraft:acacia_planks":45,"minecraft:oak_leaves":1,"minecraft:deepslate":16,"minecraft:fern":5}},"DataVersion":3465}