{"stats":{"minecraft:crafted":{"minecraft:crafting_table":1,"minecraft:stick":8,"minecraft:wooden_pickaxe":2,"minecraft:stone_pickaxe":1,"minecraft:furnace":1,"minecraft:white_bed":1,"minecraft:stone_axe":1,"minecraft:air":0,"minecraft:cooked_mutton":6,"minecraft:jungle_planks":28},"minecraft:killed":{"minecraft:sheep":7,"minecraft:zombie":2,"minecraft:pig":3,"minecraft:chicken":2,"minecraft:cow":3},"minecraft:dropped":{"minecraft:wheat_seeds":1,"minecraft:wooden_pickaxe":2},"minecraft:mined":{"minecraft:white_bed":1,"minecraft:furnace":1,"minecraft:light_gray_wool":1,"minecraft:crafting_table":4,"minecraft:grass":5,"minecraft:jungle_log":7,"minecraft:stone":21,"minecraft:white_wool":6,"minecraft:fern":3},"minecraft:picked_up":{"minecraft:crafting_table":4,"minecraft:chicken":2,"minecraft:jungle_log":7,"minecraft:leather":6,"minecraft:porkchop":6,"minecraft:jungle_planks":9,"minecraft:white_bed":1,"minecraft:cooked_mutton":1,"minecraft:wheat_seeds":1,"minecraft:beef":5,"minecraft:light_gray_wool":2,"minecraft:mutton":17,"minecraft:white_wool":12,"minecraft:cobblestone":20,"minecraft:furnace":1},"minecraft:custom":{"minecraft:time_since_rest":788,"minecraft:interact_with_furnace":10,"minecraft:sprint_one_cm":17001,"minecraft:damage_taken":155,"minecraft:walk_one_cm":25716,"minecraft:mob_kills":17,"minecraft:drop":3,"minecraft:damage_dealt":1638,"minecraft:interact_with_crafting_table":6,"minecraft:fly_one_cm":49565,"minecraft:crouch_one_cm":873,"minecraft:play_time":10333,"minecraft:sneak_time":1251,"minecraft:jump":243,"minecraft:time_since_death":10333,"minecraft:walk_on_water_one_cm":227,"minecraft:sleep_in_bed":1,"minecraft:climb_one_cm":490,"minecraft:total_world_time":10333,"minecraft:fall_one_cm":8833},"minecraft:used":{"minecraft:cooked_mutton":3,"minecraft:stone_pickaxe":15,"minecraft:wooden_pickaxe":20,"minecraft:stone_axe":32,"minecraft:light_gray_wool":1,"minecraft:white_wool":6,"minecraft:crafting_table":4,"minecraft:furnace":1,"minecraft:white_bed":1}},"DataVersion":3465}