{"stats":{"minecraft:crafted":{"minecraft:diamond_helmet":1,"minecraft:diamond_leggings":1,"minecraft:emerald":153,"minecraft:crafting_table":1,"minecraft:stick":8,"minecraft:wooden_pickaxe":2,"minecraft:stone_pickaxe":1,"minecraft:diamond_boots":1,"minecraft:iron_sword":2,"minecraft:furnace":1,"minecraft:white_bed":1,"minecraft:stone_axe":1,"minecraft:diamond_chestplate":1,"minecraft:air":0,"minecraft:cooked_mutton":6,"minecraft:jungle_planks":28},"minecraft:killed":{"minecraft:sheep":9,"minecraft:zombie":2,"minecraft:pig":3,"minecraft:chicken":2,"minecraft:cow":4},"minecraft:dropped":{"minecraft:wheat_seeds":2,"minecraft:wooden_pickaxe":2,"minecraft:string":275},"minecraft:mined":{"minecraft:white_bed":2,"minecraft:furnace":1,"minecraft:light_gray_wool":1,"minecraft:crafting_table":4,"minecraft:grass":7,"minecraft:jungle_log":7,"minecraft:stone":21,"minecraft:tripwire":1,"minecraft:white_wool":6,"minecraft:fern":5},"minecraft:picked_up":{"minecraft:crafting_table":4,"minecraft:chicken":2,"minecraft:jungle_log":7,"minecraft:leather":8,"minecraft:porkchop":6,"minecraft:jungle_planks":9,"minecraft:white_bed":2,"minecraft:string":3756,"minecraft:cooked_mutton":1,"minecraft:wheat_seeds":3,"minecraft:beef":6,"minecraft:light_gray_wool":2,"minecraft:mutton":21,"minecraft:white_wool":14,"minecraft:cobblestone":20,"minecraft:furnace":1},"minecraft:custom":{"minecraft:time_since_rest":14347,"minecraft:interact_with_furnace":13,"minecraft:sprint_one_cm":83020,"minecraft:damage_taken":409,"minecraft:walk_one_cm":64681,"minecraft:mob_kills":20,"minecraft:drop":9,"minecraft:damage_dealt":1902,"minecraft:traded_with_villager":159,"minecraft:swim_one_cm":46010,"minecraft:talked_to_villager":26,"minecraft:interact_with_crafting_table":6,"minecraft:fly_one_cm":182725,"minecraft:open_barrel":1,"minecraft:open_chest":4,"minecraft:crouch_one_cm":1421,"minecraft:play_time":38579,"minecraft:sneak_time":1461,"minecraft:walk_under_water_one_cm":10111,"minecraft:jump":760,"minecraft:leave_game":1,"minecraft:time_since_death":38579,"minecraft:walk_on_water_one_cm":14637,"minecraft:sleep_in_bed":2,"minecraft:climb_one_cm":1180,"minecraft:total_world_time":38579,"minecraft:fall_one_cm":21670},"minecraft:used":{"minecraft:cooked_mutton":7,"minecraft:stone_pickaxe":15,"minecraft:string":1,"minecraft:wooden_pickaxe":20,"minecraft:stone_axe":40,"minecraft:light_gray_wool":1,"minecraft:white_wool":6,"minecraft:crafting_table":4,"minecraft:furnace":2,"minecraft:white_bed":2}},"DataVersion":3465}