{"stats":{"minecraft:broken":{"minecraft:stone_axe":1},"minecraft:dropped":{"minecraft:wheat_seeds":11,"minecraft:oak_pressure_plate":1,"minecraft:stone_shovel":1,"minecraft:oak_fence":1,"minecraft:white_carpet":2,"minecraft:rotten_flesh":4,"minecraft:leather":7,"minecraft:poppy":2,"minecraft:dirt":17,"minecraft:brown_wool":1,"minecraft:acacia_sapling":2,"minecraft:arrow":2,"minecraft:wooden_pickaxe":2,"minecraft:string":1161,"minecraft:bone":2},"minecraft:crafted":{"minecraft:stone_shovel":2,"minecraft:emerald":153,"minecraft:crafting_table":2,"minecraft:acacia_slab":24,"minecraft:wooden_pickaxe":2,"minecraft:iron_sword":2,"minecraft:acacia_trapdoor":8,"minecraft:furnace":2,"minecraft:bucket":1,"minecraft:stone_axe":2,"minecraft:white_carpet":3,"minecraft:acacia_boat":2,"minecraft:cooked_mutton":24,"minecraft:air":0,"minecraft:jungle_planks":28,"minecraft:glass":14,"minecraft:diamond_helmet":1,"minecraft:diamond_leggings":1,"minecraft:stick":40,"minecraft:stone_pickaxe":1,"minecraft:chest":2,"minecraft:diamond_boots":1,"minecraft:acacia_fence":3,"minecraft:white_bed":1,"minecraft:acacia_planks":184,"minecraft:torch":72,"minecraft:diamond_chestplate":1},"minecraft:picked_up":{"minecraft:crafting_table":8,"minecraft:chicken":2,"minecraft:ladder":2,"minecraft:jungle_log":7,"minecraft:brown_wool":1,"minecraft:leather":15,"minecraft:oak_log":4,"minecraft:yellow_bed":1,"minecraft:acacia_boat":5,"minecraft:dirt":98,"minecraft:string":3758,"minecraft:cooked_mutton":1,"minecraft:white_carpet":4,"minecraft:glass":51,"minecraft:bone":2,"minecraft:acacia_planks":59,"minecraft:kelp":1,"minecraft:wheat_seeds":12,"minecraft:acacia_trapdoor":3,"minecraft:iron_ingot":3,"minecraft:beef":19,"minecraft:poppy":2,"minecraft:light_gray_wool":2,"minecraft:sugar_cane":2,"minecraft:oak_planks":2,"minecraft:acacia_sapling":5,"minecraft:furnace":4,"minecraft:stick":2,"minecraft:oak_fence":1,"minecraft:acacia_log":58,"minecraft:oak_pressure_plate":1,"minecraft:porkchop":9,"minecraft:sand":58,"minecraft:jungle_planks":9,"minecraft:white_bed":8,"minecraft:carrot":1,"minecraft:cauldron":3,"minecraft:arrow":3,"minecraft:rotten_flesh":4,"minecraft:acacia_slab":2,"minecraft:mutton":30,"minecraft:coal":72,"minecraft:white_wool":20,"minecraft:cobblestone":38},"minecraft:killed":{"minecraft:pig":4,"minecraft:spider":1,"minecraft:iron_golem":1,"minecraft:creeper":1,"minecraft:sheep":16,"minecraft:skeleton":2,"minecraft:zombie":6,"minecraft:chicken":2,"minecraft:drowned":1,"minecraft:cow":10},"minecraft:custom":{"minecraft:interact_with_furnace":37,"minecraft:mob_kills":44,"minecraft:traded_with_villager":159,"minecraft:interact_with_crafting_table":28,"minecraft:open_barrel":1,"minecraft:leave_game":3,"minecraft:time_since_death":96601,"minecraft:climb_one_cm":1180,"minecraft:sleep_in_bed":6,"minecraft:time_since_rest":33723,"minecraft:sprint_one_cm":185376,"minecraft:damage_taken":887,"minecraft:walk_one_cm":239618,"minecraft:drop":45,"minecraft:damage_dealt":5877,"minecraft:swim_one_cm":72889,"minecraft:talked_to_villager":27,"minecraft:fly_one_cm":366680,"minecraft:open_chest":4,"minecraft:crouch_one_cm":32324,"minecraft:play_time":96601,"minecraft:sneak_time":11378,"minecraft:walk_under_water_one_cm":13891,"minecraft:boat_one_cm":111748,"minecraft:jump":1607,"minecraft:walk_on_water_one_cm":33481,"minecraft:fall_one_cm":43781,"minecraft:total_world_time":96601},"minecraft:used":{"minecraft:cooked_mutton":19,"minecraft:acacia_boat":5,"minecraft:water_bucket":7,"minecraft:acacia_log":12,"minecraft:acacia_trapdoor":10,"minecraft:stone_pickaxe":112,"minecraft:stone_shovel":127,"minecraft:ladder":2,"minecraft:oak_planks":2,"minecraft:chest":2,"minecraft:wooden_pickaxe":20,"minecraft:iron_sword":96,"minecraft:white_wool":6,"minecraft:torch":4,"minecraft:dirt":81,"minecraft:white_carpet":5,"minecraft:crafting_table":9,"minecraft:white_bed":9,"minecraft:acacia_sapling":1,"minecraft:glass":14,"minecraft:string":1,"minecraft:acacia_slab":6,"minecraft:light_gray_wool":1,"minecraft:stone_axe":187,"minecraft:furnace":6,"minecraft:acacia_fence":1,"minecraft:bucket":8,"minecraft:yellow_bed":1,"minecraft:kelp":1,"minecraft:acacia_planks":119},"minecraft:mined":{"minecraft:acacia_leaves":7,"minecraft:white_bed":5,"minecraft:oak_fence":1,"minecraft:crafting_table":8,"minecraft:ladder":2,"minecraft:acacia_log":59,"minecraft:grass_block":94,"minecraft:jungle_log":7,"minecraft:glass":2,"minecraft:tall_grass":4,"minecraft:acacia_slab":2,"minecraft:kelp":1,"minecraft:oak_planks":2,"minecraft:sugar_cane":1,"minecraft:seagrass":1,"minecraft:furnace":4,"minecraft:acacia_trapdoor":1,"minecraft:white_carpet":1,"minecraft:light_gray_wool":1,"minecraft:grass":79,"minecraft:coal_ore":72,"minecraft:oak_log":4,"minecraft:water_cauldron":3,"minecraft:sand":27,"minecraft:dirt":1,"minecraft:acacia_planks":43,"minecraft:stone":39,"minecraft:tripwire":1,"minecraft:white_wool":6,"minecraft:oak_leaves":1,"minecraft:fern":5}},"DataVersion":3465}