{"stats":{"minecraft:dropped":{"minecraft:wheat_seeds":2,"minecraft:rotten_flesh":4,"minecraft:wooden_pickaxe":2,"minecraft:string":275},"minecraft:crafted":{"minecraft:emerald":153,"minecraft:crafting_table":1,"minecraft:wooden_pickaxe":2,"minecraft:iron_sword":2,"minecraft:furnace":1,"minecraft:stone_axe":1,"minecraft:cooked_mutton":6,"minecraft:air":0,"minecraft:jungle_planks":28,"minecraft:diamond_helmet":1,"minecraft:diamond_leggings":1,"minecraft:stick":8,"minecraft:stone_pickaxe":1,"minecraft:diamond_boots":1,"minecraft:white_bed":1,"minecraft:diamond_chestplate":1},"minecraft:picked_up":{"minecraft:crafting_table":4,"minecraft:chicken":2,"minecraft:jungle_log":7,"minecraft:leather":8,"minecraft:string":3756,"minecraft:dirt":2,"minecraft:cooked_mutton":1,"minecraft:kelp":1,"minecraft:wheat_seeds":3,"minecraft:beef":6,"minecraft:light_gray_wool":2,"minecraft:sugar_cane":2,"minecraft:furnace":1,"minecraft:porkchop":6,"minecraft:jungle_planks":9,"minecraft:white_bed":3,"minecraft:rotten_flesh":4,"minecraft:mutton":21,"minecraft:white_wool":14,"minecraft:cobblestone":20},"minecraft:killed":{"minecraft:pig":3,"minecraft:sheep":9,"minecraft:zombie":2,"minecraft:chicken":2,"minecraft:drowned":1,"minecraft:cow":4},"minecraft:custom":{"minecraft:interact_with_furnace":13,"minecraft:mob_kills":21,"minecraft:traded_with_villager":159,"minecraft:interact_with_crafting_table":6,"minecraft:open_barrel":1,"minecraft:leave_game":1,"minecraft:time_since_death":43888,"minecraft:climb_one_cm":1180,"minecraft:sleep_in_bed":4,"minecraft:time_since_rest":2138,"minecraft:sprint_one_cm":93669,"minecraft:damage_taken":442,"minecraft:walk_one_cm":72891,"minecraft:drop":13,"minecraft:damage_dealt":2102,"minecraft:swim_one_cm":69690,"minecraft:talked_to_villager":26,"minecraft:fly_one_cm":207526,"minecraft:open_chest":4,"minecraft:crouch_one_cm":2304,"minecraft:play_time":43888,"minecraft:sneak_time":1880,"minecraft:walk_under_water_one_cm":11782,"minecraft:jump":868,"minecraft:walk_on_water_one_cm":23561,"minecraft:total_world_time":43888,"minecraft:fall_one_cm":23760},"minecraft:used":{"minecraft:cooked_mutton":7,"minecraft:stone_pickaxe":15,"minecraft:wooden_pickaxe":20,"minecraft:iron_sword":9,"minecraft:white_wool":6,"minecraft:dirt":1,"minecraft:crafting_table":4,"minecraft:white_bed":3,"minecraft:string":1,"minecraft:stone_axe":40,"minecraft:light_gray_wool":1,"minecraft:furnace":2,"minecraft:kelp":1},"minecraft:mined":{"minecraft:white_bed":3,"minecraft:crafting_table":4,"minecraft:grass_block":2,"minecraft:jungle_log":7,"minecraft:sugar_cane":1,"minecraft:kelp":1,"minecraft:seagrass":1,"minecraft:furnace":1,"minecraft:light_gray_wool":1,"minecraft:grass":7,"minecraft:stone":21,"minecraft:white_wool":6,"minecraft:fern":5,"minecraft:tripwire":1}},"DataVersion":3465}