{"stats":{"minecraft:broken":{"minecraft:stone_axe":1},"minecraft:dropped":{"minecraft:bread":64,"minecraft:wheat_seeds":18,"minecraft:oak_pressure_plate":1,"minecraft:oak_fence":1,"minecraft:leather":7,"minecraft:dirt":18,"minecraft:brown_wool":1,"minecraft:sand":31,"minecraft:string":1332,"minecraft:bone":2,"minecraft:stone_shovel":1,"minecraft:white_carpet":2,"minecraft:rotten_flesh":5,"minecraft:poppy":2,"minecraft:acacia_sapling":4,"minecraft:spider_eye":1,"minecraft:arrow":6,"minecraft:wooden_pickaxe":2,"minecraft:acacia_fence":2},"minecraft:crafted":{"minecraft:stone_shovel":2,"minecraft:furnace":2,"minecraft:white_carpet":3,"minecraft:cooked_mutton":24,"minecraft:glass":14,"minecraft:diamond_helmet":1,"minecraft:diamond_leggings":1,"minecraft:stone_pickaxe":1,"minecraft:chest":2,"minecraft:diamond_boots":1,"minecraft:acacia_fence":3,"minecraft:stone_hoe":1,"minecraft:cooked_beef":13,"minecraft:emerald":153,"minecraft:crafting_table":2,"minecraft:acacia_slab":24,"minecraft:wooden_pickaxe":2,"minecraft:iron_sword":2,"minecraft:acacia_trapdoor":8,"minecraft:bucket":1,"minecraft:stone_axe":2,"minecraft:acacia_boat":2,"minecraft:bread":96,"minecraft:air":0,"minecraft:jungle_planks":28,"minecraft:stick":40,"minecraft:white_bed":1,"minecraft:acacia_planks":184,"minecraft:torch":72,"minecraft:diamond_chestplate":1},"minecraft:picked_up":{"minecraft:crafting_table":8,"minecraft:chicken":2,"minecraft:ladder":2,"minecraft:string":3929,"minecraft:white_carpet":4,"minecraft:beef":19,"minecraft:light_gray_wool":2,"minecraft:poppy":2,"minecraft:sugar_cane":6,"minecraft:chest":1,"minecraft:furnace":4,"minecraft:stick":2,"minecraft:composter":1,"minecraft:oak_fence":1,"minecraft:torch":4,"minecraft:acacia_log":64,"minecraft:porkchop":9,"minecraft:carrot":1,"minecraft:cauldron":3,"minecraft:arrow":6,"minecraft:rotten_flesh":5,"minecraft:mutton":30,"minecraft:white_wool":20,"minecraft:cobblestone":38,"minecraft:jungle_log":7,"minecraft:leather":15,"minecraft:brown_wool":1,"minecraft:oak_log":4,"minecraft:yellow_bed":1,"minecraft:acacia_boat":6,"minecraft:dirt":100,"minecraft:cooked_mutton":1,"minecraft:glass":51,"minecraft:bone":3,"minecraft:acacia_planks":61,"minecraft:kelp":1,"minecraft:acacia_trapdoor":3,"minecraft:wheat_seeds":19,"minecraft:iron_ingot":3,"minecraft:acacia_sapling":5,"minecraft:oak_planks":2,"minecraft:oak_pressure_plate":1,"minecraft:jungle_planks":9,"minecraft:sand":58,"minecraft:white_bed":8,"minecraft:spider_eye":1,"minecraft:acacia_slab":2,"minecraft:coal":72},"minecraft:killed":{"minecraft:spider":3,"minecraft:skeleton":4,"minecraft:chicken":2,"minecraft:drowned":1,"minecraft:pig":4,"minecraft:iron_golem":1,"minecraft:creeper":1,"minecraft:sheep":16,"minecraft:zombie":7,"minecraft:cow":10},"minecraft:custom":{"minecraft:mob_kills":49,"minecraft:interact_with_crafting_table":32,"minecraft:open_barrel":1,"minecraft:leave_game":3,"minecraft:time_since_death":108601,"minecraft:climb_one_cm":1180,"minecraft:sprint_one_cm":214757,"minecraft:walk_one_cm":290597,"minecraft:drop":66,"minecraft:talked_to_villager":29,"minecraft:play_time":108601,"minecraft:sneak_time":11524,"minecraft:walk_under_water_one_cm":13891,"minecraft:boat_one_cm":111748,"minecraft:jump":1860,"minecraft:walk_on_water_one_cm":34155,"minecraft:total_world_time":108601,"minecraft:interact_with_furnace":41,"minecraft:traded_with_villager":175,"minecraft:sleep_in_bed":6,"minecraft:time_since_rest":45723,"minecraft:damage_taken":942,"minecraft:damage_dealt":6827,"minecraft:swim_one_cm":72889,"minecraft:fly_one_cm":435225,"minecraft:open_chest":11,"minecraft:crouch_one_cm":32665,"minecraft:fall_one_cm":46974},"minecraft:used":{"minecraft:acacia_log":12,"minecraft:stone_shovel":127,"minecraft:ladder":2,"minecraft:chest":3,"minecraft:iron_sword":118,"minecraft:torch":32,"minecraft:dirt":82,"minecraft:white_carpet":5,"minecraft:acacia_sapling":1,"minecraft:glass":14,"minecraft:acacia_slab":6,"minecraft:light_gray_wool":1,"minecraft:furnace":6,"minecraft:acacia_fence":1,"minecraft:acacia_planks":119,"minecraft:cooked_mutton":23,"minecraft:acacia_boat":5,"minecraft:water_bucket":37,"minecraft:acacia_trapdoor":10,"minecraft:stone_pickaxe":112,"minecraft:oak_planks":2,"minecraft:wooden_pickaxe":20,"minecraft:composter":1,"minecraft:sugar_cane":4,"minecraft:white_wool":6,"minecraft:crafting_table":9,"minecraft:white_bed":9,"minecraft:string":1,"minecraft:stone_axe":203,"minecraft:bucket":37,"minecraft:yellow_bed":1,"minecraft:kelp":1},"minecraft:mined":{"minecraft:white_bed":5,"minecraft:ladder":2,"minecraft:acacia_log":65,"minecraft:grass_block":96,"minecraft:jungle_log":7,"minecraft:acacia_slab":2,"minecraft:kelp":1,"minecraft:composter":1,"minecraft:furnace":4,"minecraft:acacia_trapdoor":1,"minecraft:water_cauldron":3,"minecraft:stone":39,"minecraft:white_wool":6,"minecraft:tripwire":1,"minecraft:acacia_leaves":7,"minecraft:oak_fence":1,"minecraft:crafting_table":8,"minecraft:torch":4,"minecraft:chest":1,"minecraft:glass":2,"minecraft:tall_grass":4,"minecraft:sugar_cane":3,"minecraft:oak_planks":2,"minecraft:seagrass":1,"minecraft:white_carpet":1,"minecraft:light_gray_wool":1,"minecraft:grass":138,"minecraft:oak_log":4,"minecraft:coal_ore":72,"minecraft:sand":27,"minecraft:dirt":1,"minecraft:acacia_planks":45,"minecraft:oak_leaves":1,"minecraft:fern":5}},"DataVersion":3465}