{"stats":{"minecraft:dropped":{"minecraft:wheat_seeds":3,"minecraft:rotten_flesh":4,"minecraft:leather":5,"minecraft:brown_wool":1,"minecraft:wooden_pickaxe":2,"minecraft:string":1161},"minecraft:crafted":{"minecraft:emerald":153,"minecraft:crafting_table":2,"minecraft:wooden_pickaxe":2,"minecraft:iron_sword":2,"minecraft:furnace":2,"minecraft:stone_axe":1,"minecraft:cooked_mutton":24,"minecraft:air":0,"minecraft:jungle_planks":28,"minecraft:diamond_helmet":1,"minecraft:diamond_leggings":1,"minecraft:stick":8,"minecraft:stone_pickaxe":1,"minecraft:diamond_boots":1,"minecraft:white_bed":1,"minecraft:acacia_planks":24,"minecraft:diamond_chestplate":1},"minecraft:picked_up":{"minecraft:crafting_table":5,"minecraft:chicken":2,"minecraft:jungle_log":7,"minecraft:brown_wool":1,"minecraft:leather":15,"minecraft:oak_log":4,"minecraft:string":3758,"minecraft:dirt":2,"minecraft:cooked_mutton":1,"minecraft:acacia_planks":8,"minecraft:kelp":1,"minecraft:wheat_seeds":4,"minecraft:beef":19,"minecraft:light_gray_wool":2,"minecraft:sugar_cane":2,"minecraft:acacia_sapling":1,"minecraft:furnace":2,"minecraft:acacia_log":19,"minecraft:porkchop":9,"minecraft:jungle_planks":9,"minecraft:white_bed":5,"minecraft:rotten_flesh":4,"minecraft:coal":72,"minecraft:mutton":30,"minecraft:white_wool":20,"minecraft:cobblestone":38},"minecraft:killed":{"minecraft:pig":4,"minecraft:spider":1,"minecraft:creeper":1,"minecraft:sheep":16,"minecraft:zombie":3,"minecraft:chicken":2,"minecraft:drowned":1,"minecraft:cow":10},"minecraft:custom":{"minecraft:interact_with_furnace":24,"minecraft:mob_kills":38,"minecraft:traded_with_villager":159,"minecraft:interact_with_crafting_table":8,"minecraft:open_barrel":1,"minecraft:leave_game":1,"minecraft:time_since_death":55888,"minecraft:climb_one_cm":1180,"minecraft:sleep_in_bed":5,"minecraft:time_since_rest":9837,"minecraft:sprint_one_cm":118891,"minecraft:damage_taken":466,"minecraft:walk_one_cm":134965,"minecraft:drop":30,"minecraft:damage_dealt":3923,"minecraft:swim_one_cm":69690,"minecraft:talked_to_villager":26,"minecraft:fly_one_cm":229919,"minecraft:open_chest":4,"minecraft:crouch_one_cm":5811,"minecraft:play_time":55888,"minecraft:sneak_time":4602,"minecraft:walk_under_water_one_cm":11782,"minecraft:jump":1041,"minecraft:walk_on_water_one_cm":25837,"minecraft:total_world_time":55888,"minecraft:fall_one_cm":27158},"minecraft:used":{"minecraft:cooked_mutton":11,"minecraft:acacia_log":5,"minecraft:stone_pickaxe":106,"minecraft:wooden_pickaxe":20,"minecraft:iron_sword":63,"minecraft:white_wool":6,"minecraft:dirt":1,"minecraft:crafting_table":5,"minecraft:white_bed":5,"minecraft:acacia_sapling":1,"minecraft:string":1,"minecraft:stone_axe":83,"minecraft:light_gray_wool":1,"minecraft:furnace":3,"minecraft:kelp":1},"minecraft:mined":{"minecraft:acacia_leaves":1,"minecraft:white_bed":5,"minecraft:crafting_table":5,"minecraft:acacia_log":19,"minecraft:grass_block":2,"minecraft:jungle_log":7,"minecraft:tall_grass":4,"minecraft:sugar_cane":1,"minecraft:kelp":1,"minecraft:seagrass":1,"minecraft:furnace":2,"minecraft:light_gray_wool":1,"minecraft:grass":21,"minecraft:coal_ore":72,"minecraft:oak_log":4,"minecraft:stone":39,"minecraft:white_wool":6,"minecraft:oak_leaves":1,"minecraft:fern":5,"minecraft:tripwire":1}},"DataVersion":3465}