{"stats":{"minecraft:broken":{"minecraft:stone_axe":1},"minecraft:dropped":{"minecraft:stone_hoe":1,"minecraft:bread":64,"minecraft:wheat_seeds":36,"minecraft:oak_pressure_plate":1,"minecraft:oak_fence":1,"minecraft:leather":7,"minecraft:stick":8,"minecraft:dirt":22,"minecraft:brown_wool":1,"minecraft:sand":31,"minecraft:string":2283,"minecraft:white_wool":4,"minecraft:bone":2,"minecraft:gravel":26,"minecraft:stone_axe":1,"minecraft:stone_shovel":2,"minecraft:white_carpet":2,"minecraft:rotten_flesh":9,"minecraft:poppy":2,"minecraft:acacia_sapling":4,"minecraft:spider_eye":1,"minecraft:bow":1,"minecraft:arrow":9,"minecraft:wooden_pickaxe":2,"minecraft:stone_pickaxe":3,"minecraft:acacia_fence":2,"minecraft:egg":1},"minecraft:crafted":{"minecraft:oak_planks":16,"minecraft:stone_shovel":2,"minecraft:barrel":11,"minecraft:cooked_chicken":2,"minecraft:furnace":4,"minecraft:lever":3,"minecraft:bone_meal":24,"minecraft:white_carpet":3,"minecraft:cooked_mutton":24,"minecraft:glass":14,"minecraft:diamond_helmet":1,"minecraft:diamond_leggings":1,"minecraft:iron_axe":2,"minecraft:stone_pickaxe":3,"minecraft:chest":2,"minecraft:diamond_boots":1,"minecraft:acacia_fence":3,"minecraft:stone_hoe":1,"minecraft:minecart":2,"minecraft:cooked_beef":13,"minecraft:emerald":153,"minecraft:cooked_porkchop":9,"minecraft:crafting_table":3,"minecraft:acacia_slab":66,"minecraft:wooden_pickaxe":2,"minecraft:iron_sword":2,"minecraft:acacia_trapdoor":28,"minecraft:bucket":1,"minecraft:stone_axe":2,"minecraft:bread":96,"minecraft:acacia_boat":2,"minecraft:air":0,"minecraft:jungle_planks":28,"minecraft:stick":144,"minecraft:iron_ingot":50,"minecraft:iron_pickaxe":3,"minecraft:iron_shovel":1,"minecraft:gold_ingot":21,"minecraft:white_bed":1,"minecraft:redstone_torch":26,"minecraft:acacia_planks":460,"minecraft:torch":296,"minecraft:diamond_chestplate":1},"minecraft:picked_up":{"minecraft:crafting_table":9,"minecraft:chicken":2,"minecraft:ladder":2,"minecraft:string":4880,"minecraft:white_carpet":4,"minecraft:cobbled_deepslate":39,"minecraft:beef":19,"minecraft:minecart":4,"minecraft:light_gray_wool":2,"minecraft:poppy":2,"minecraft:sugar_cane":24,"minecraft:chest":1,"minecraft:egg":1,"minecraft:furnace":6,"minecraft:stick":2,"minecraft:raw_iron":50,"minecraft:composter":1,"minecraft:oak_fence":1,"minecraft:torch":24,"minecraft:acacia_log":127,"minecraft:porkchop":9,"minecraft:carrot":54,"minecraft:redstone":303,"minecraft:cauldron":3,"minecraft:arrow":12,"minecraft:rotten_flesh":11,"minecraft:mutton":30,"minecraft:rail":52,"minecraft:white_wool":20,"minecraft:cobblestone":151,"minecraft:andesite":5,"minecraft:jungle_log":7,"minecraft:brown_wool":1,"minecraft:leather":15,"minecraft:oak_log":8,"minecraft:yellow_bed":1,"minecraft:acacia_boat":6,"minecraft:dirt":192,"minecraft:cooked_mutton":1,"minecraft:glass":51,"minecraft:bone":16,"minecraft:acacia_planks":85,"minecraft:kelp":1,"minecraft:bow":2,"minecraft:wheat_seeds":38,"minecraft:acacia_trapdoor":4,"minecraft:raw_gold":21,"minecraft:iron_ingot":33,"minecraft:powered_rail":19,"minecraft:acacia_sapling":5,"minecraft:oak_planks":2,"minecraft:oak_pressure_plate":1,"minecraft:gravel":35,"minecraft:jungle_planks":9,"minecraft:sand":58,"minecraft:white_bed":8,"minecraft:barrel":1,"minecraft:spider_eye":1,"minecraft:diamond":7,"minecraft:granite":2,"minecraft:acacia_slab":2,"minecraft:coal":103},"minecraft:killed":{"minecraft:spider":4,"minecraft:phantom":1,"minecraft:skeleton":18,"minecraft:chicken":2,"minecraft:drowned":1,"minecraft:pig":4,"minecraft:iron_golem":1,"minecraft:creeper":3,"minecraft:sheep":16,"minecraft:zombie":23,"minecraft:cow":10},"minecraft:custom":{"minecraft:mob_kills":84,"minecraft:interact_with_crafting_table":56,"minecraft:open_barrel":1,"minecraft:leave_game":4,"minecraft:time_since_death":192493,"minecraft:climb_one_cm":1180,"minecraft:sprint_one_cm":391609,"minecraft:walk_one_cm":611642,"minecraft:drop":105,"minecraft:talked_to_villager":30,"minecraft:play_time":192493,"minecraft:sneak_time":20532,"minecraft:walk_under_water_one_cm":21114,"minecraft:boat_one_cm":112528,"minecraft:jump":3596,"minecraft:walk_on_water_one_cm":51191,"minecraft:total_world_time":192493,"minecraft:interact_with_furnace":87,"minecraft:traded_with_villager":175,"minecraft:sleep_in_bed":6,"minecraft:time_since_rest":129615,"minecraft:damage_taken":1731,"minecraft:damage_dealt":13852,"minecraft:swim_one_cm":72889,"minecraft:fly_one_cm":707236,"minecraft:open_chest":36,"minecraft:crouch_one_cm":51238,"minecraft:fall_one_cm":80348},"minecraft:used":{"minecraft:iron_shovel":66,"minecraft:acacia_log":12,"minecraft:stone_shovel":143,"minecraft:ladder":2,"minecraft:chest":3,"minecraft:iron_sword":274,"minecraft:cooked_chicken":2,"minecraft:stone_hoe":136,"minecraft:torch":277,"minecraft:dirt":141,"minecraft:white_carpet":5,"minecraft:carrot":54,"minecraft:acacia_sapling":1,"minecraft:granite":2,"minecraft:glass":14,"minecraft:iron_axe":118,"minecraft:acacia_slab":6,"minecraft:barrel":3,"minecraft:light_gray_wool":1,"minecraft:furnace":8,"minecraft:minecart":3,"minecraft:acacia_fence":1,"minecraft:cooked_beef":10,"minecraft:cobbled_deepslate":38,"minecraft:acacia_planks":243,"minecraft:cooked_mutton":25,"minecraft:acacia_boat":5,"minecraft:water_bucket":66,"minecraft:powered_rail":14,"minecraft:acacia_trapdoor":24,"minecraft:stone_pickaxe":204,"minecraft:oak_planks":2,"minecraft:wooden_pickaxe":20,"minecraft:composter":1,"minecraft:sugar_cane":24,"minecraft:white_wool":6,"minecraft:rail":49,"minecraft:crafting_table":10,"minecraft:white_bed":9,"minecraft:redstone_torch":6,"minecraft:lever":3,"minecraft:string":1,"minecraft:iron_pickaxe":177,"minecraft:gravel":9,"minecraft:stone_axe":203,"minecraft:cobblestone":36,"minecraft:cooked_porkchop":2,"minecraft:andesite":5,"minecraft:bucket":67,"minecraft:yellow_bed":1,"minecraft:kelp":1,"minecraft:bone_meal":24},"minecraft:mined":{"minecraft:white_bed":5,"minecraft:deepslate_diamond_ore":7,"minecraft:ladder":2,"minecraft:granite":2,"minecraft:acacia_log":129,"minecraft:grass_block":178,"minecraft:jungle_log":7,"minecraft:acacia_slab":2,"minecraft:composter":1,"minecraft:kelp":1,"minecraft:redstone_ore":4,"minecraft:furnace":6,"minecraft:carrots":16,"minecraft:acacia_trapdoor":2,"minecraft:iron_ore":26,"minecraft:barrel":1,"minecraft:andesite":1,"minecraft:water_cauldron":3,"minecraft:deepslate_iron_ore":23,"minecraft:rail":14,"minecraft:stone":88,"minecraft:white_wool":6,"minecraft:tripwire":1,"minecraft:deepslate_redstone_ore":62,"minecraft:acacia_leaves":10,"minecraft:oak_fence":1,"minecraft:crafting_table":9,"minecraft:torch":17,"minecraft:chest":1,"minecraft:glass":2,"minecraft:tall_grass":6,"minecraft:cobblestone":2,"minecraft:deepslate_gold_ore":21,"minecraft:sugar_cane":9,"minecraft:oak_planks":2,"minecraft:wall_torch":2,"minecraft:seagrass":1,"minecraft:powered_rail":1,"minecraft:white_carpet":1,"minecraft:light_gray_wool":1,"minecraft:grass":281,"minecraft:oak_log":8,"minecraft:coal_ore":103,"minecraft:gravel":11,"minecraft:sand":27,"minecraft:dirt":11,"minecraft:acacia_planks":69,"minecraft:oak_leaves":3,"minecraft:deepslate":19,"minecraft:fern":5}},"DataVersion":3465}